id,predicted_ghi
0,0.0
1,0.1620636
2,1.2013092
3,2.1417542
4,0.0
5,0.0
6,12.663162
7,97.31416
8,329.6246
9,539.26184
10,698.6408
11,800.18054
12,821.58606
13,759.1185
14,621.7267
15,444.695
16,242.75069
17,57.124237
18,0.0
19,0.0
20,0.007659912
21,0.8953552
22,1.0871124
23,0.19184875
24,0.0
25,0.0
26,3.443283
27,0.0
28,0.58517456
29,0.0
30,8.510986
31,82.13301
32,301.2983
33,516.782
34,698.22437
35,795.59015
36,810.4354
37,723.1329
38,587.0022
39,400.49237
40,207.33482
41,56.909393
42,0.0
43,0.40711975
44,1.0170746
45,1.6482239
46,0.47444153
47,0.29837036
48,1.0931091
49,1.956253
50,3.5855713
51,0.95162964
52,0.0
53,0.0
54,20.558594
55,101.708725
56,337.44086
57,544.8042
58,708.4486
59,812.75885
60,835.7476
61,782.3323
62,660.7483
63,491.63562
64,278.6332
65,76.04091
66,0.0
67,0.88223267
68,1.4007568
69,1.6973114
70,1.0180054
71,0.0
72,0.0
73,0.89334106
74,1.5856628
75,1.4854279
76,0.7337799
77,0.0
78,12.187775
79,103.511314
80,332.23456
81,537.92633
82,700.85095
83,804.69366
84,823.51294
85,774.27246
86,632.92456
87,457.30728
88,243.93454
89,65.598785
90,0.0
91,0.6716461
92,0.7576904
93,1.051712
94,0.13348389
95,0.0
96,1.1289978
97,0.15634155
98,0.0
99,1.120285
100,1.0486908
101,0.0
102,11.4133
103,83.23241
104,284.05835
105,510.77798
106,703.00037
107,798.27704
108,831.1649
109,769.79376
110,609.6121
111,443.56976
112,229.60349
113,63.366608
114,0.0
115,0.7989197
116,1.081955
117,0.98301697
118,0.8401642
119,0.0
120,0.0
121,0.15397644
122,1.1190186
123,2.7004547
124,2.7487488
125,0.0
126,9.848282
127,88.78427
128,296.32632
129,509.30615
130,690.5752
131,790.55707
132,821.90436
133,776.4961
134,646.5398
135,450.86725
136,260.23645
137,70.27307
138,0.0
139,0.5944061
140,1.153656
141,1.1531525
142,1.0458374
143,0.040130615
144,0.0
145,0.31974792
146,1.9693146
147,0.0
148,0.0
149,0.0
150,5.652954
151,84.881454
152,291.48196
153,515.4912
154,701.975
155,803.69635
156,828.556
157,745.5204
158,657.41626
159,475.7363
160,264.0453
161,71.06601
162,0.0
163,0.766098
164,0.5900421
165,1.2894287
166,0.4653015
167,0.0
168,0.0
169,0.8856354
170,1.7838135
171,0.0
172,0.0
173,0.0
174,9.177078
175,94.02615
176,310.07877
177,518.3335
178,695.93555
179,804.17346
180,829.67725
181,783.1562
182,661.15283
183,489.36322
184,276.5913
185,82.06903
186,0.0
187,0.0
188,0.3452301
189,0.93362427
190,1.3110809
191,0.81617737
192,0.5683441
193,1.3174744
194,1.8237
195,0.0
196,0.0
197,0.0
198,9.8563385
199,99.41626
200,312.11896
201,524.96014
202,698.36365
203,809.2304
204,834.573
205,776.2181
206,651.6609
207,479.77042
208,270.23877
209,80.712036
210,0.0
211,0.0
212,0.2182312
213,1.2767029
214,1.7611389
215,0.45106506
216,0.0
217,0.0
218,0.0
219,1.109909
220,1.5377655
221,0.0
222,4.462631
223,79.380646
224,282.92175
225,501.49756
226,686.3551
227,796.426
228,820.06055
229,767.7674
230,642.31995
231,464.51947
232,268.92532
233,79.37749
234,0.0
235,0.0
236,0.91093445
237,1.1648865
238,1.2455139
239,0.0
240,0.0
241,0.0
242,0.0
243,1.2152405
244,1.2616577
245,0.0
246,5.840744
247,85.96127
248,287.3823
249,485.11212
250,651.37146
251,748.1027
252,771.89233
253,729.80347
254,569.8629
255,409.9818
256,230.90506
257,64.748505
258,0.0
259,0.0
260,0.0
261,0.5384369
262,1.9002075
263,1.7925262
264,0.0
265,0.0
266,0.0
267,0.0
268,0.0
269,0.0
270,13.575928
271,94.08895
272,282.82022
273,462.92722
274,618.53937
275,725.6124
276,759.9277
277,733.2677
278,588.421
279,404.35858
280,231.57903
281,64.8089
282,0.0
283,0.0
284,0.0
285,0.078323364
286,1.3648529
287,0.8254852
288,0.0
289,0.0
290,0.0
291,0.0
292,0.0
293,0.0
294,10.732376
295,91.64559
296,270.40378
297,448.9695
298,609.98206
299,679.2931
300,679.94714
301,601.92285
302,528.7484
303,422.5067
304,200.28398
305,66.41295
306,0.0
307,0.0
308,0.0
309,1.2447205
310,1.9903412
311,0.7790375
312,0.0
313,0.0
314,0.0
315,0.0
316,0.0
317,0.0
318,12.522003
319,93.56439
320,267.446
321,448.93683
322,610.10065
323,728.151
324,765.36755
325,734.0756
326,617.19965
327,417.18573
328,243.96138
329,74.51074
330,0.0
331,0.0
332,0.0851593
333,0.67311096
334,1.1131287
335,0.7685089
336,0.0
337,0.0
338,0.017608643
339,0.64027405
340,0.51438904
341,0.0
342,12.774811
343,94.48293
344,314.3877
345,527.8436
346,697.474
347,811.9183
348,840.8262
349,792.21326
350,666.667
351,489.6265
352,279.99347
353,83.1004
354,0.0
355,0.5907135
356,0.4290161
357,1.063385
358,1.3281097
359,0.0
360,0.0
361,0.5450897
362,0.9546051
363,0.0
364,0.0
365,0.0
366,10.5522
367,94.330185
368,304.2799
369,527.0868
370,709.75995
371,821.48395
372,851.17865
373,797.60254
374,649.67993
375,475.89847
376,292.44687
377,89.08374
378,0.0
379,1.5140991
380,1.2095032
381,0.9923096
382,1.5570984
383,0.45195007
384,0.1890564
385,0.5842438
386,1.508606
387,0.17939758
388,0.0
389,0.0
390,9.212555
391,73.95511
392,268.04062
393,479.6552
394,645.8677
395,794.1792
396,833.7734
397,766.94293
398,637.2882
399,473.2535
400,268.77838
401,82.10765
402,1.031784
403,2.7299042
404,1.0927124
405,1.1231842
406,0.59695435
407,0.8045502
408,0.95526123
409,2.0181732
410,0.0
411,0.5643616
412,0.0
413,0.0
414,14.852631
415,99.189835
416,315.7313
417,535.8373
418,713.63513
419,824.9786
420,853.238
421,810.4765
422,697.0561
423,514.6526
424,293.98245
425,97.016624
426,2.0143127
427,1.4327698
428,1.2779236
429,1.4996185
430,0.0
431,0.0
432,1.1920776
433,1.1542358
434,1.7244263
435,1.8271179
436,1.2518005
437,0.0
438,5.264099
439,73.51462
440,289.2309
441,525.0459
442,709.85754
443,827.3664
444,854.89435
445,797.5813
446,662.4154
447,461.81787
448,269.12573
449,88.33092
450,0.0
451,0.0
452,0.0
453,0.5887451
454,2.1613922
455,2.4516296
456,0.6003723
457,0.0
458,0.0
459,0.0
460,0.0
461,0.0
462,9.956039
463,82.573166
464,292.69553
465,512.55383
466,690.09357
467,801.5827
468,831.16956
469,773.4483
470,641.7305
471,464.26868
472,265.62415
473,89.76625
474,0.0
475,0.0
476,0.0
477,0.028808594
478,0.9550934
479,0.0
480,0.0
481,0.0
482,0.67578125
483,0.0
484,0.0
485,0.0
486,8.888138
487,89.76831
488,291.35052
489,504.36508
490,681.3081
491,796.53375
492,826.1007
493,766.20404
494,647.3578
495,461.47235
496,263.33066
497,87.17003
498,0.0
499,0.0
500,0.0
501,0.23806763
502,1.0067749
503,0.7696991
504,0.0
505,0.0
506,0.0
507,0.0
508,0.0
509,0.0
510,9.593811
511,90.679016
512,264.6477
513,439.67737
514,611.27124
515,720.22626
516,757.9033
517,750.2787
518,615.1483
519,455.67532
520,260.6391
521,85.31947
522,0.61958313
523,0.0
524,0.0
525,0.0
526,1.3788452
527,0.88630676
528,0.0
529,0.0
530,2.19812
531,0.0
532,0.0
533,0.0
534,9.891998
535,71.65019
536,219.70743
537,379.47375
538,536.3721
539,611.2027
540,556.54846
541,424.25372
542,354.4321
543,246.4432
544,118.544044
545,44.964188
546,8.541718
547,1.0876312
548,1.2601776
549,2.1866913
550,0.60354614
551,1.6377869
552,2.72818
553,3.7975616
554,3.9735718
555,2.677185
556,0.32403564
557,0.0
558,22.785553
559,68.22951
560,177.23633
561,289.46225
562,418.42645
563,456.344
564,625.9066
565,507.0288
566,374.05783
567,250.07892
568,159.35489
569,40.037888
570,8.049118
571,0.44900513
572,0.43643188
573,1.3378296
574,0.02128601
575,0.058685303
576,0.07232666
577,1.2747803
578,1.6711884
579,2.2253113
580,0.4686432
581,0.0
582,16.954117
583,67.504715
584,210.12532
585,362.25912
586,515.0641
587,642.97626
588,689.72876
589,555.9249
590,423.73724
591,303.2556
592,171.7986
593,50.997787
594,4.8722687
595,1.1950836
596,0.08743286
597,1.0709839
598,0.0
599,0.0
600,0.0
601,1.2908936
602,2.348816
603,2.9959564
604,1.6693115
605,0.0
606,10.987122
607,67.25229
608,219.62115
609,413.79852
610,587.12244
611,759.97577
612,807.9022
613,792.7834
614,692.22217
615,507.8195
616,273.4042
617,82.26619
618,0.18315125
619,0.36380005
620,0.0
621,0.0
622,0.0
623,0.0
624,0.0
625,0.0
626,0.0
627,0.0
628,0.0
629,0.0
630,6.0180206
631,79.988174
632,256.1193
633,439.3071
634,614.8443
635,816.05365
636,848.74225
637,797.37305
638,682.1723
639,507.35077
640,290.97678
641,101.11766
642,0.09466553
643,0.3190155
644,0.0
645,0.0
646,0.06416321
647,0.0
648,0.0
649,0.0
650,0.0
651,0.0
652,0.0
653,0.0
654,6.073059
655,82.98311
656,286.82498
657,508.55692
658,692.90234
659,815.7857
660,787.9016
661,695.57715
662,583.11456
663,416.5551
664,259.9733
665,90.65164
666,7.0726624
667,1.5196533
668,0.0
669,0.8114929
670,0.0
671,0.0
672,0.0
673,0.0
674,0.0
675,0.0
676,0.0
677,0.0
678,8.416626
679,76.724075
680,260.96967
681,485.42667
682,662.6545
683,797.3908
684,828.63776
685,719.5696
686,639.66003
687,388.3924
688,227.79239
689,61.373978
690,5.874649
691,0.31414795
692,0.0
693,0.26116943
694,0.0
695,0.0
696,0.0
697,0.0
698,0.0
699,0.13568115
700,0.0
701,0.0
702,11.326065
703,77.725464
704,257.66473
705,441.18298
706,609.1244
707,740.407
708,734.2673
709,616.3898
710,509.06317
711,346.0092
712,201.38054
713,60.299194
714,5.79628
715,0.0
716,0.0
717,1.0203247
718,0.90205383
719,0.27923584
720,0.0
721,0.0
722,0.0
723,0.0
724,0.0
725,0.0
726,12.911942
727,71.12804
728,259.62555
729,459.238
730,633.2876
731,750.71216
732,791.4258
733,747.47424
734,587.02966
735,417.22955
736,237.94417
737,75.88254
738,2.5107117
739,0.0
740,0.0
741,0.0
742,1.2650146
743,0.5432739
744,0.0
745,0.0
746,0.0
747,0.0
748,0.0
749,0.0
750,5.6549835
751,74.821075
752,243.73227
753,428.92798
754,592.2291
755,718.02563
756,781.7397
757,686.35345
758,602.51025
759,430.68097
760,249.79192
761,79.969604
762,0.0
763,0.0
764,0.0
765,0.0
766,1.2250824
767,0.99650574
768,0.0
769,0.0
770,0.0
771,0.0
772,0.0
773,0.0
774,8.649857
775,81.44302
776,269.00623
777,466.64032
778,635.28827
779,751.4958
780,787.805
781,702.0301
782,593.57
783,425.40073
784,244.27321
785,80.75255
786,2.0845032
787,0.0
788,0.0
789,0.041290283
790,0.61309814
791,0.0
792,0.0
793,0.0
794,0.0
795,0.0
796,0.0
797,0.0
798,9.419495
799,79.785126
800,261.50867
801,451.9263
802,621.59717
803,729.2106
804,764.1262
805,707.5551
806,621.2212
807,452.9568
808,263.2755
809,87.50908
810,0.10725403
811,0.0
812,0.0
813,0.0
814,0.94255066
815,0.0
816,0.0
817,0.0
818,0.0
819,0.0
820,0.0
821,0.0
822,8.191818
823,89.97519
824,282.39243
825,472.73666
826,653.1214
827,783.08777
828,821.9556
829,794.0123
830,692.87213
831,516.8999
832,307.55106
833,110.6806
834,0.0
835,0.0
836,0.0
837,0.0
838,1.0395203
839,0.7315674
840,0.0
841,0.0
842,0.18545532
843,0.0
844,0.0
845,0.0
846,10.653717
847,86.29939
848,298.69
849,515.1319
850,697.1608
851,824.023
852,864.1032
853,813.48865
854,709.0111
855,521.1006
856,309.48212
857,114.35661
858,3.137436
859,0.0
860,0.0
861,0.0
862,0.44570923
863,0.0
864,0.0
865,0.0
866,0.48205566
867,0.0
868,0.0
869,0.0
870,12.737915
871,94.85412
872,301.92273
873,516.32996
874,697.13354
875,815.528
876,851.1131
877,815.3215
878,702.09607
879,527.72815
880,308.3474
881,114.50131
882,2.3443909
883,0.0
884,0.0
885,0.0
886,0.81518555
887,0.23616028
888,0.0
889,0.0
890,0.0
891,0.0
892,0.0
893,0.0
894,9.033905
895,91.021774
896,303.39206
897,518.77747
898,701.2617
899,827.3583
900,866.89417
901,834.326
902,719.8231
903,544.4276
904,325.44983
905,123.21956
906,5.4700165
907,0.0
908,0.0
909,0.0
910,0.937088
911,0.53440857
912,0.0
913,0.0
914,0.27352905
915,0.0
916,0.0
917,0.0
918,9.973801
919,93.12451
920,306.6023
921,518.28705
922,697.2241
923,823.087
924,867.64496
925,819.7394
926,720.0724
927,540.15247
928,321.64734
929,119.092094
930,4.375717
931,0.0
932,0.0
933,0.0
934,0.48423767
935,0.0
936,0.0
937,0.0
938,0.0
939,0.0
940,0.0
941,0.0
942,9.75238
943,88.78261
944,303.75854
945,514.93555
946,694.79565
947,826.2409
948,864.2422
949,810.61096
950,697.5065
951,510.9715
952,297.0739
953,100.2656
954,2.751114
955,0.0
956,0.0
957,0.0
958,0.0
959,0.0
960,0.0
961,0.0
962,0.0
963,0.0
964,0.0
965,0.0
966,6.4721527
967,87.443375
968,231.3365
969,348.33258
970,450.5775
971,558.81934
972,569.7828
973,676.9957
974,582.61365
975,355.06543
976,219.89804
977,87.52548
978,11.23584
979,0.0
980,0.0
981,0.0
982,0.0
983,0.124816895
984,0.0
985,0.0
986,0.0
987,0.0
988,0.0
989,0.0
990,12.843506
991,68.798065
992,294.29224
993,518.603
994,728.06274
995,853.4573
996,896.79865
997,857.1294
998,729.70044
999,562.27924
1000,328.29044
1001,123.2468
1002,6.12883
1003,1.2361145
1004,0.29925537
1005,0.8280487
1006,0.6653595
1007,0.0
1008,0.0
1009,0.0
1010,2.2237701
1011,0.7123413
1012,0.0
1013,0.0
1014,6.3218384
1015,86.28912
1016,315.96448
1017,550.72766
1018,740.87115
1019,878.1122
1020,910.05975
1021,858.82007
1022,746.456
1023,525.7048
1024,307.40897
1025,113.96474
1026,7.1750183
1027,1.7228699
1028,0.7160187
1029,0.6844177
1030,0.020904541
1031,0.0
1032,0.0
1033,0.0
1034,0.8063507
1035,0.0
1036,0.0
1037,0.0
1038,9.995682
1039,102.4266
1040,351.86542
1041,578.29333
1042,766.7051
1043,883.813
1044,913.67303
1045,863.083
1046,762.0552
1047,593.32086
1048,364.64136
1049,139.59705
1050,8.833923
1051,1.4418793
1052,1.425766
1053,1.6269531
1054,1.5838165
1055,0.0
1056,0.24923706
1057,1.778656
1058,4.077591
1059,1.2523956
1060,0.0
1061,0.0
1062,10.664093
1063,105.27004
1064,350.10437
1065,572.82043
1066,753.2689
1067,874.34393
1068,905.6694
1069,837.30927
1070,730.56256
1071,555.6216
1072,330.21664
1073,123.85609
1074,7.2641144
1075,1.0801544
1076,0.5830536
1077,0.74316406
1078,1.3122711
1079,0.0
1080,0.0
1081,0.0
1082,0.015594482
1083,0.0
1084,0.0
1085,0.0
1086,11.288391
1087,100.435745
1088,321.44382
1089,541.921
1090,723.33215
1091,842.3121
1092,877.17145
1093,818.34784
1094,702.73444
1095,513.29895
1096,288.83594
1097,99.46224
1098,9.042664
1099,0.24259949
1100,0.023391724
1101,0.42855835
1102,0.616745
1103,0.0
1104,0.0
1105,0.0
1106,0.0
1107,0.0
1108,0.0
1109,0.0
1110,10.426163
1111,87.96579
1112,269.4136
1113,463.03973
1114,623.84204
1115,757.7431
1116,800.50354
1117,787.7931
1118,688.74884
1119,498.39655
1120,291.50427
1121,103.5243
1122,9.513565
1123,0.0
1124,0.0
1125,0.21556091
1126,0.2839203
1127,0.5417175
1128,1.6057281
1129,0.31896973
1130,0.51878357
1131,0.0
1132,0.0
1133,0.0
1134,6.197937
1135,69.29042
1136,227.06305
1137,399.43713
1138,572.499
1139,689.74475
1140,801.57916
1141,785.59863
1142,589.12805
1143,473.81793
1144,277.73505
1145,109.01033
1146,7.9674835
1147,0.0
1148,0.0
1149,0.0
1150,1.3044891
1151,2.7545319
1152,1.4529877
1153,0.0
1154,0.0
1155,0.0
1156,0.0
1157,0.0
1158,4.52861
1159,64.02841
1160,265.4585
1161,471.6651
1162,654.64233
1163,752.0851
1164,764.4155
1165,764.1637
1166,661.64514
1167,510.6252
1168,317.52435
1169,126.69622
1170,6.787094
1171,0.0
1172,0.0
1173,0.0
1174,0.0012207031
1175,0.79782104
1176,0.0
1177,0.0
1178,0.0
1179,0.0
1180,0.0
1181,0.0
1182,5.3014984
1183,75.62097
1184,310.51752
1185,532.4136
1186,730.3556
1187,863.9756
1188,887.8329
1189,780.7571
1190,707.67676
1191,521.21985
1192,312.12793
1193,123.54127
1194,10.8632965
1195,0.9733887
1196,0.8707886
1197,1.3017731
1198,0.14053345
1199,0.0
1200,0.0
1201,0.9268799
1202,2.078537
1203,0.7957611
1204,0.39416504
1205,0.0
1206,10.892426
1207,105.12578
1208,339.80225
1209,578.3199
1210,759.51624
1211,887.1478
1212,919.25085
1213,860.4679
1214,750.163
1215,557.94556
1216,346.68726
1217,129.40768
1218,7.8451996
1219,1.2124786
1220,1.4676056
1221,0.71899414
1222,0.33354187
1223,0.04295349
1224,0.6399231
1225,0.89100647
1226,0.70236206
1227,1.0471191
1228,0.28442383
1229,0.0
1230,15.639877
1231,113.13894
1232,341.45685
1233,569.84045
1234,745.9273
1235,858.18146
1236,898.9401
1237,847.2502
1238,748.7877
1239,572.4236
1240,343.746
1241,129.81683
1242,4.9158783
1243,0.0
1244,0.43927002
1245,0.0
1246,0.0
1247,0.0
1248,0.0
1249,0.0
1250,0.8583832
1251,0.41682434
1252,0.9258423
1253,0.0
1254,8.476776
1255,101.84313
1256,296.57056
1257,521.9155
1258,694.0685
1259,846.31824
1260,890.5843
1261,860.3696
1262,750.7064
1263,581.37897
1264,357.87195
1265,138.7123
1266,6.43219
1267,0.0
1268,0.0
1269,0.0
1270,0.0
1271,0.0
1272,0.0
1273,0.0
1274,0.0
1275,0.0
1276,0.0
1277,0.0
1278,7.8169556
1279,102.684944
1280,335.4679
1281,562.8793
1282,738.79236
1283,854.7385
1284,886.3012
1285,830.15717
1286,713.6362
1287,531.29913
1288,316.79044
1289,114.648506
1290,4.357437
1291,0.0
1292,0.0
1293,0.0
1294,0.0
1295,0.0
1296,0.0
1297,0.0
1298,0.0
1299,0.0
1300,0.0
1301,0.0
1302,9.398148
1303,95.27635
1304,283.31894
1305,491.49002
1306,667.57275
1307,829.2316
1308,857.67316
1309,761.53955
1310,693.4951
1311,514.5365
1312,313.69345
1313,118.41513
1314,6.858841
1315,0.0
1316,0.0
1317,0.0
1318,0.0
1319,0.002243042
1320,0.0
1321,0.0
1322,0.0
1323,0.0
1324,0.0
1325,0.0
1326,9.948929
1327,102.29418
1328,318.42758
1329,549.2845
1330,722.0907
1331,820.44495
1332,847.71375
1333,807.46906
1334,662.30896
1335,477.59927
1336,300.76273
1337,110.681274
1338,8.12059
1339,0.0
1340,0.0
1341,0.0
1342,0.48664856
1343,0.0
1344,0.0
1345,0.0
1346,0.0
1347,0.0
1348,0.0
1349,0.0
1350,11.0381775
1351,100.74287
1352,298.93024
1353,514.1242
1354,690.6668
1355,783.0869
1356,792.05237
1357,787.61646
1358,676.6597
1359,515.1889
1360,314.17627
1361,117.740875
1362,8.908752
1363,0.0
1364,0.0
1365,0.0
1366,0.90226746
1367,0.6805115
1368,0.0
1369,0.0
1370,0.012207031
1371,0.0
1372,0.0
1373,0.0
1374,10.633041
1375,102.37474
1376,311.08575
1377,524.78015
1378,694.9452
1379,803.0446
1380,851.7024
1381,812.0907
1382,700.8475
1383,524.876
1384,323.65192
1385,122.4851
1386,8.943375
1387,0.0
1388,0.0
1389,0.0
1390,0.87945557
1391,0.9388428
1392,0.0
1393,0.0
1394,1.2007599
1395,0.0
1396,0.0
1397,0.0
1398,13.038269
1399,107.76391
1400,310.27716
1401,518.6042
1402,685.02
1403,780.50934
1404,805.8379
1405,809.71747
1406,685.56116
1407,517.0661
1408,323.33252
1409,129.13873
1410,9.375534
1411,0.0
1412,0.0
1413,0.0
1414,0.0
1415,0.23594666
1416,0.18981934
1417,0.0
1418,0.12731934
1419,0.0
1420,0.0
1421,0.0
1422,11.406403
1423,100.89809
1424,296.93073
1425,510.55264
1426,678.6775
1427,821.52435
1428,866.8483
1429,819.30334
1430,641.09143
1431,534.1452
1432,310.11395
1433,123.10328
1434,8.36615
1435,0.0
1436,0.0
1437,0.0
1438,0.0
1439,0.0
1440,0.0
1441,0.0
1442,0.0
1443,0.0
1444,0.0
1445,0.0
1446,12.565659
1447,102.86899
1448,326.38702
1449,548.76544
1450,727.91455
1451,844.2725
1452,868.4831
1453,525.161
1454,672.01245
1455,437.83517
1456,264.0118
1457,90.84625
1458,11.701645
1459,0.0
1460,0.0
1461,0.39697266
1462,0.17982483
1463,0.0
1464,0.0
1465,0.0
1466,0.0
1467,0.0
1468,0.0
1469,0.0
1470,17.326569
1471,100.58607
1472,257.93637
1473,450.604
1474,602.2915
1475,705.176
1476,777.49005
1477,771.85046
1478,666.3699
1479,490.25568
1480,290.65735
1481,114.03861
1482,10.795776
1483,0.0
1484,0.0
1485,0.0
1486,0.16178894
1487,0.14367676
1488,0.0
1489,0.0
1490,0.0
1491,0.0
1492,0.0
1493,0.0
1494,8.270218
1495,94.85762
1496,287.54578
1497,483.88522
1498,673.5969
1499,762.5927
1500,768.83276
1501,811.90735
1502,670.6509
1503,528.75757
1504,323.82462
1505,134.50842
1506,14.653656
1507,0.0
1508,0.0
1509,0.0
1510,0.18618774
1511,0.3420868
1512,0.0
1513,0.4777069
1514,1.3340607
1515,0.0
1516,0.0
1517,0.0
1518,10.323471
1519,98.72587
1520,327.96042
1521,560.2721
1522,762.5309
1523,895.8342
1524,927.72644
1525,860.3548
1526,716.3816
1527,563.1927
1528,349.128
1529,141.64322
1530,9.579208
1531,0.0
1532,0.22224426
1533,0.47001648
1534,0.5354614
1535,0.0
1536,0.0
1537,0.0
1538,0.0
1539,0.0
1540,0.0
1541,0.0
1542,14.622116
1543,114.9924
1544,338.63525
1545,562.1858
1546,758.11774
1547,888.90674
1548,930.71576
1549,911.772
1550,809.73505
1551,610.3334
1552,369.48755
1553,158.2479
1554,14.204727
1555,0.0
1556,0.5500946
1557,0.71403503
1558,0.4423828
1559,0.9720764
1560,0.4293213
1561,0.0
1562,0.012741089
1563,0.0
1564,0.0
1565,0.0
1566,20.427643
1567,129.40193
1568,371.71417
1569,605.99634
1570,795.4433
1571,914.23706
1572,947.9828
1573,888.2296
1574,808.0147
1575,612.4607
1576,381.69153
1577,157.04996
1578,13.853256
1579,0.5469208
1580,1.8464203
1581,1.3812866
1582,0.41299438
1583,0.0
1584,0.0
1585,0.0
1586,1.6121674
1587,0.325943
1588,0.0
1589,0.0
1590,19.344482
1591,136.70773
1592,385.3871
1593,620.07556
1594,805.8992
1595,926.76654
1596,959.5338
1597,905.972
1598,788.76605
1599,595.6073
1600,370.77332
1601,149.11157
1602,12.471268
1603,1.1067657
1604,1.7454224
1605,0.854599
1606,0.19329834
1607,2.2345276
1608,0.0
1609,0.11959839
1610,0.51504517
1611,0.0
1612,0.0
1613,0.0
1614,13.143295
1615,114.47784
1616,305.12848
1617,517.9606
1618,683.6714
1619,783.57184
1620,767.6197
1621,663.60266
1622,591.11304
1623,414.1504
1624,242.028
1625,91.0258
1626,11.536316
1627,0.16590881
1628,0.43911743
1629,0.55174255
1630,0.0
1631,0.0
1632,0.0
1633,0.7704315
1634,1.2157898
1635,1.7481537
1636,1.5571594
1637,0.0
1638,9.535019
1639,77.86534
1640,191.95312
1641,321.3015
1642,457.16498
1643,574.9969
1644,603.73486
1645,428.7657
1646,402.12067
1647,298.92682
1648,177.1141
1649,68.86052
1650,13.2986145
1651,0.0
1652,0.0
1653,1.4641418
1654,1.8132324
1655,2.5842133
1656,0.010726929
1657,0.0
1658,0.0
1659,0.2828369
1660,0.0
1661,0.0
1662,16.115875
1663,86.92766
1664,266.3491
1665,467.47656
1666,637.7436
1667,768.37915
1668,805.28314
1669,812.5473
1670,650.37524
1671,508.17648
1672,303.249
1673,115.3553
1674,8.129547
1675,0.0
1676,0.0
1677,0.0
1678,0.3645172
1679,0.0
1680,0.0
1681,0.0
1682,0.0
1683,0.0
1684,0.0
1685,0.0
1686,11.497864
1687,101.901924
1688,296.8255
1689,491.70792
1690,681.05774
1691,798.38983
1692,806.8159
1693,759.04034
1694,708.0048
1695,529.4569
1696,310.17877
1697,119.60267
1698,8.518158
1699,0.0
1700,0.0
1701,0.11555481
1702,0.051605225
1703,0.4146576
1704,0.3337555
1705,0.0
1706,0.0
1707,0.0
1708,0.0
1709,0.0
1710,13.163696
1711,98.59314
1712,219.56282
1713,335.01013
1714,418.03052
1715,577.5048
1716,607.1732
1717,723.6609
1718,635.8251
1719,431.1009
1720,249.61662
1721,108.67511
1722,16.022095
1723,0.0
1724,0.0
1725,0.0
1726,0.0
1727,0.0
1728,0.0
1729,0.0
1730,0.67433167
1731,0.0
1732,0.0
1733,0.0
1734,7.165741
1735,84.87401
1736,220.36324
1737,389.13965
1738,535.93774
1739,713.99176
1740,826.3496
1741,771.9663
1742,677.7877
1743,445.81842
1744,305.71716
1745,125.261925
1746,14.5416565
1747,0.0
1748,0.0
1749,0.0
1750,0.0
1751,0.0
1752,0.0
1753,0.0
1754,0.0
1755,0.0
1756,0.0
1757,0.0
1758,4.3249817
1759,107.47343
1760,348.04208
1761,580.647
1762,774.88293
1763,891.80725
1764,914.8862
1765,903.51996
1766,789.2961
1767,618.09753
1768,387.15942
1769,163.47862
1770,13.142151
1771,0.0
1772,0.0
1773,0.0
1774,0.5372467
1775,0.0
1776,0.0
1777,0.0
1778,0.0
1779,1.4869537
1780,0.0
1781,0.0
1782,17.96019
1783,141.9403
1784,369.72382
1785,589.7451
1786,779.8995
1787,894.91644
1788,937.4961
1789,875.204
1790,738.1333
1791,572.60425
1792,321.54865
1793,121.97068
1794,9.446671
1795,0.47442627
1796,0.53948975
1797,0.0
1798,0.0
1799,0.0
1800,0.0
1801,0.0
1802,1.0514221
1803,1.1929321
1804,3.009674
1805,0.528183
1806,11.4774475
1807,93.16779
1808,140.67693
1809,225.4995
1810,338.28186
1811,293.99066
1812,513.37756
1813,457.33786
1814,340.12537
1815,379.92328
1816,215.63388
1817,83.65878
1818,12.557419
1819,0.0
1820,0.0
1821,0.0
1822,0.0
1823,0.9439697
1824,0.0
1825,0.0
1826,0.0
1827,0.0
1828,0.0
1829,0.0
1830,5.0474854
1831,101.50488
1832,368.1222
1833,595.10016
1834,783.62506
1835,900.0737
1836,943.62244
1837,892.77026
1838,796.3453
1839,597.5211
1840,371.82016
1841,155.58643
1842,12.457001
1843,0.0
1844,0.0
1845,0.19424438
1846,0.32469177
1847,0.0
1848,0.0
1849,0.0
1850,2.4872894
1851,0.0
1852,0.0
1853,0.0
1854,20.428787
1855,155.59705
1856,391.58884
1857,612.30347
1858,793.8961
1859,904.7093
1860,930.07477
1861,855.7005
1862,727.23364
1863,539.47516
1864,316.8531
1865,118.9508
1866,7.387375
1867,0.0
1868,0.0
1869,0.0
1870,0.0
1871,0.0
1872,0.0
1873,0.0
1874,0.0
1875,0.0
1876,0.151474
1877,0.0
1878,20.260864
1879,135.58751
1880,312.15598
1881,508.74805
1882,663.79224
1883,766.08374
1884,782.5232
1885,720.4305
1886,533.49396
1887,398.25592
1888,206.55731
1889,82.02171
1890,10.865356
1891,0.0
1892,0.0
1893,0.09161377
1894,0.8084717
1895,0.0
1896,0.0
1897,0.9995117
1898,1.7299805
1899,0.0
1900,0.0
1901,0.0
1902,14.359024
1903,83.690475
1904,124.781425
1905,100.59853
1906,166.54153
1907,140.94489
1908,191.26106
1909,403.0843
1910,270.01218
1911,156.29083
1912,150.43277
1913,44.59549
1914,10.947968
1915,0.0
1916,0.0
1917,0.0
1918,0.0
1919,0.0
1920,0.0
1921,0.0
1922,0.0
1923,0.0
1924,0.0
1925,9.162872
1926,38.469193
1927,114.14554
1928,272.15546
1929,483.27286
1930,587.13806
1931,614.7838
1932,568.9214
1933,699.97656
1934,578.69006
1935,477.46088
1936,298.44937
1937,113.31539
1938,16.88446
1939,0.0
1940,0.0
1941,0.0
1942,0.0
1943,0.4697876
1944,0.20065308
1945,0.11979675
1946,5.2682343
1947,4.5315704
1948,0.0
1949,2.8575745
1950,31.975357
1951,151.80573
1952,378.55734
1953,593.6922
1954,778.9106
1955,881.42175
1956,910.09186
1957,792.9334
1958,702.59344
1959,522.27246
1960,313.45862
1961,109.546555
1962,11.414459
1963,0.0
1964,0.0
1965,1.1410217
1966,0.0
1967,0.0
1968,0.0
1969,0.0
1970,1.0197296
1971,0.12828064
1972,0.0
1973,0.0
1974,29.574799
1975,158.56569
1976,367.9557
1977,584.83386
1978,756.9382
1979,879.6004
1980,921.1793
1981,868.60675
1982,751.2433
1983,547.67664
1984,340.846
1985,129.75015
1986,11.858383
1987,0.50572205
1988,0.8307495
1989,0.65649414
1990,0.25395203
1991,0.0
1992,0.0
1993,0.8091278
1994,2.6365356
1995,0.0
1996,0.29356384
1997,0.46514893
1998,25.546783
1999,169.93239
2000,397.28833
2001,630.1635
2002,808.2678
2003,912.14496
2004,926.3096
2005,874.3446
2006,766.03174
2007,573.3357
2008,364.4891
2009,143.19278
2010,10.405151
2011,0.0
2012,0.7386017
2013,0.529129
2014,0.0
2015,0.0
2016,0.0
2017,0.0
2018,0.58380127
2019,0.8683624
2020,0.0
2021,0.0
2022,15.223999
2023,165.08615
2024,388.93488
2025,620.8544
2026,784.712
2027,893.61505
2028,899.8315
2029,818.38434
2030,685.718
2031,542.8238
2032,335.25415
2033,132.39725
2034,12.112473
2035,0.4245453
2036,0.50149536
2037,0.5969696
2038,0.0
2039,0.16531372
2040,0.78648376
2041,0.0
2042,0.0
2043,0.0
2044,0.0
2045,0.0
2046,20.153427
2047,153.19998
2048,337.6338
2049,560.6458
2050,726.12213
2051,832.506
2052,857.28015
2053,782.76166
2054,604.6155
2055,496.8376
2056,295.42163
2057,110.72102
2058,8.766418
2059,0.0
2060,0.0
2061,0.0
2062,0.9558563
2063,0.84825134
2064,0.0
2065,0.0
2066,0.3718567
2067,0.0
2068,0.0
2069,0.0
2070,19.574066
2071,122.91266
2072,241.59888
2073,401.3897
2074,588.9331
2075,739.89124
2076,868.75995
2077,790.5416
2078,747.634
2079,563.6062
2080,336.3827
2081,124.28511
2082,9.807648
2083,0.0
2084,0.0
2085,0.0
2086,0.0
2087,0.0
2088,0.0
2089,0.0
2090,3.2654266
2091,0.0
2092,0.0
2093,0.0
2094,13.998581
2095,141.0608
2096,282.97946
2097,460.53705
2098,607.2377
2099,784.75714
2100,878.2379
2101,758.7422
2102,469.6092
2103,357.1558
2104,206.06535
2105,87.23453
2106,13.787598
2107,0.44166565
2108,0.0
2109,0.0
2110,0.0
2111,1.4182434
2112,0.0
2113,0.0
2114,0.0
2115,2.6384888
2116,0.0
2117,0.0
2118,27.675903
2119,152.45828
2120,364.503
2121,589.34357
2122,742.693
2123,864.7498
2124,897.1733
2125,863.7488
2126,722.4321
2127,566.6514
2128,363.99387
2129,140.4391
2130,9.773193
2131,0.0
2132,0.4753723
2133,0.020690918
2134,0.0
2135,0.0
2136,0.0
2137,0.32893372
2138,0.0
2139,1.6190338
2140,0.0
2141,0.0
2142,30.431473
2143,185.80133
2144,420.34363
2145,653.90894
2146,828.72986
2147,937.7548
2148,956.6176
2149,909.318
2150,766.0716
2151,604.65564
2152,380.0585
2153,150.54306
2154,9.591248
2155,0.0
2156,0.07066345
2157,0.0
2158,0.0
2159,0.0
2160,0.0
2161,0.0
2162,0.15995789
2163,0.0
2164,0.1421051
2165,0.0
2166,24.309372
2167,206.16087
2168,458.38947
2169,682.4807
2170,865.2535
2171,961.02527
2172,971.43665
2173,925.55707
2174,803.36847
2175,610.64197
2176,390.03296
2177,159.52876
2178,11.787781
2179,0.24780273
2180,1.2138519
2181,0.23271179
2182,0.0
2183,0.0
2184,0.0
2185,0.0
2186,3.253357
2187,0.0
2188,1.731308
2189,1.159195
2190,29.163239
2191,200.07826
2192,468.45477
2193,690.9136
2194,870.3088
2195,960.2828
2196,980.9499
2197,900.7101
2198,790.3426
2199,585.2755
2200,360.81854
2201,141.04822
2202,11.590469
2203,0.25868225
2204,1.3838196
2205,1.1524658
2206,0.80259705
2207,0.55682373
2208,0.0
2209,0.0
2210,0.7349396
2211,0.0
2212,0.0
2213,1.084732
2214,35.887085
2215,211.34834
2216,435.89636
2217,660.0355
2218,837.81116
2219,940.4609
2220,964.366
2221,905.7093
2222,783.2453
2223,584.979
2224,364.03687
2225,147.70569
2226,12.452103
2227,0.3908081
2228,1.1508484
2229,0.35406494
2230,0.4705963
2231,0.20954895
2232,0.0
2233,0.0
2234,0.7005005
2235,0.0
2236,0.0
2237,0.92430115
2238,33.2511
2239,211.14394
2240,438.0381
2241,657.0887
2242,827.0953
2243,927.6899
2244,947.6108
2245,905.2967
2246,784.72156
2247,595.735
2248,372.938
2249,152.6286
2250,12.506836
2251,0.27565002
2252,1.0598755
2253,0.0
2254,0.0
2255,0.0
2256,0.0
2257,0.0
2258,0.45161438
2259,0.0
2260,0.0
2261,1.14534
2262,31.201736
2263,210.4482
2264,438.81464
2265,650.1062
2266,807.5888
2267,912.1306
2268,939.34546
2269,896.9063
2270,760.1189
2271,592.03955
2272,370.0846
2273,149.11465
2274,11.067032
2275,0.0
2276,0.4749756
2277,0.0
2278,0.0
2279,0.0
2280,0.0
2281,0.0
2282,0.0
2283,0.0
2284,0.0
2285,0.0
2286,20.050797
2287,182.01276
2288,376.14175
2289,596.5408
2290,761.5892
2291,873.4151
2292,908.9298
2293,861.27045
2294,697.76843
2295,581.89
2296,365.744
2297,146.41641
2298,9.561264
2299,0.0
2300,0.0
2301,0.0
2302,0.02722168
2303,0.35214233
2304,0.0
2305,0.0
2306,0.0
2307,0.0
2308,0.0
2309,0.0
2310,24.653717
2311,187.41518
2312,398.94357
2313,603.39185
2314,751.8726
2315,857.2815
2316,891.57623
2317,825.9064
2318,771.3382
2319,568.2286
2320,354.9182
2321,142.22981
2322,10.977249
2323,0.0
2324,0.0
2325,0.0
2326,0.0
2327,0.19532776
2328,0.0
2329,0.0
2330,0.0
2331,0.0
2332,0.0
2333,0.0
2334,29.299591
2335,201.79007
2336,403.59537
2337,608.1399
2338,757.04443
2339,870.55194
2340,895.5545
2341,873.7619
2342,739.8968
2343,538.30884
2344,322.1364
2345,119.114944
2346,8.643173
2347,0.0
2348,0.0
2349,0.0
2350,0.0
2351,0.0
2352,0.0
2353,0.0
2354,0.0
2355,0.0
2356,0.0
2357,0.0
2358,24.422241
2359,177.72174
2360,359.0506
2361,580.5323
2362,748.94556
2363,850.9314
2364,878.3051
2365,886.5102
2366,773.5979
2367,563.85486
2368,352.91483
2369,141.22343
2370,11.014816
2371,0.0
2372,0.0
2373,0.0
2374,0.31956482
2375,0.4028778
2376,0.3791809
2377,0.6786194
2378,2.7773285
2379,0.0
2380,0.0
2381,0.0
2382,16.507355
2383,181.23306
2384,386.25732
2385,604.9695
2386,764.8117
2387,863.9246
2388,887.0424
2389,771.35034
2390,561.3612
2391,437.45258
2392,246.93056
2393,92.001884
2394,10.319504
2395,0.056137085
2396,0.0
2397,0.0
2398,0.0
2399,0.0
2400,0.0
2401,0.0
2402,0.71391296
2403,0.6556854
2404,0.0
2405,0.0
2406,28.627747
2407,180.48956
2408,334.76407
2409,542.5144
2410,698.8172
2411,695.4441
2412,632.214
2413,598.5879
2414,498.07565
2415,423.80838
2416,256.34647
2417,96.18753
2418,9.9189
2419,0.0
2420,0.0
2421,0.37805176
2422,1.9482574
2423,2.9715881
2424,0.28697205
2425,2.0708313
2426,3.5706024
2427,0.15586853
2428,0.0
2429,1.5922394
2430,31.13829
2431,174.15955
2432,370.30328
2433,577.4627
2434,743.5158
2435,871.36
2436,863.59546
2437,681.70935
2438,633.58997
2439,430.84393
2440,260.42648
2441,99.95749
2442,13.793304
2443,0.0
2444,0.0
2445,1.1306
2446,0.0
2447,0.067352295
2448,0.0
2449,0.0
2450,0.0
2451,0.0
2452,0.0
2453,1.4243317
2454,31.39354
2455,183.87445
2456,381.7063
2457,592.44525
2458,743.5979
2459,824.9914
2460,849.15735
2461,721.3968
2462,605.64294
2463,444.05835
2464,263.58774
2465,93.15053
2466,8.797348
2467,0.0
2468,0.0
2469,0.0
2470,0.0
2471,1.2912598
2472,0.0
2473,0.0
2474,0.0
2475,0.0
2476,0.0
2477,0.0
2478,26.981216
2479,189.88086
2480,401.00497
2481,621.18225
2482,786.8085
2483,885.8749
2484,899.9695
2485,815.6689
2486,686.62213
2487,502.2229
2488,303.02222
2489,110.38891
2490,11.004135
2491,0.0
2492,0.0
2493,0.46987915
2494,0.0
2495,0.0
2496,0.0
2497,0.0
2498,0.0
2499,0.0
2500,0.0
2501,0.410141
2502,33.39485
2503,197.00815
2504,399.3395
2505,614.3033
2506,788.99194
2507,882.5142
2508,897.4878
2509,846.0515
2510,734.1794
2511,555.6344
2512,331.40857
2513,126.44842
2514,10.90921
2515,0.0
2516,0.0
2517,0.0
2518,0.0
2519,0.0
2520,0.0
2521,0.31785583
2522,0.43107605
2523,1.0556641
2524,0.0
2525,0.0
2526,26.342896
2527,181.27823
2528,409.90207
2529,645.69775
2530,816.19775
2531,920.7537
2532,942.56586
2533,879.1053
2534,758.63654
2535,573.2311
2536,349.67694
2537,137.40744
2538,11.374649
2539,0.0
2540,0.0
2541,0.0
2542,0.0
2543,0.58802795
2544,1.1735382
2545,0.72099304
2546,1.0346222
2547,0.22891235
2548,0.0
2549,1.3675232
2550,36.801132
2551,216.34988
2552,452.48645
2553,662.2549
2554,833.2311
2555,929.6388
2556,949.289
2557,852.4186
2558,762.7809
2559,569.2035
2560,346.72797
2561,133.10187
2562,11.971832
2563,0.22331238
2564,0.3282318
2565,0.795578
2566,0.0
2567,0.0
2568,0.0
2569,0.5459595
2570,3.972412
2571,0.0
2572,0.8905182
2573,2.5338135
2574,42.09674
2575,224.50092
2576,448.2692
2577,653.18524
2578,793.80084
2579,897.8635
2580,911.5246
2581,852.51324
2582,736.2228
2583,516.5939
2584,322.3824
2585,121.70831
2586,9.965118
2587,0.0
2588,0.07672119
2589,0.13580322
2590,0.04408264
2591,0.0
2592,0.0
2593,0.0
2594,0.6717987
2595,0.0
2596,0.0
2597,1.0276337
2598,34.631287
2599,206.88992
2600,443.2201
2601,662.73364
2602,840.0023
2603,931.0419
2604,940.8382
2605,884.14307
2606,761.09314
2607,564.6212
2608,347.5254
2609,129.16376
2610,11.457672
2611,0.0
2612,0.16921997
2613,0.37109375
2614,0.0
2615,0.0
2616,0.0
2617,0.0
2618,0.27044678
2619,2.0363464
2620,0.0
2621,3.3886414
2622,43.08972
2623,223.57602
2624,452.85236
2625,663.7484
2626,835.3762
2627,920.7556
2628,955.3546
2629,910.21136
2630,800.3836
2631,599.407
2632,365.02493
2633,138.06424
2634,13.933853
2635,0.0
2636,1.1552582
2637,0.80062866
2638,0.39056396
2639,2.6504364
2640,1.2163239
2641,1.9957733
2642,2.323288
2643,2.5588684
2644,0.23683167
2645,2.5902252
2646,37.80995
2647,210.66002
2648,451.47977
2649,686.301
2650,857.00055
2651,950.588
2652,979.2578
2653,917.2446
2654,713.60406
2655,520.7769
2656,335.86057
2657,128.05692
2658,11.993347
2659,0.0
2660,0.16938782
2661,0.19238281
2662,1.4581299
2663,1.8143463
2664,0.61502075
2665,1.5838165
2666,2.129181
2667,0.67726135
2668,0.0
2669,1.0012817
2670,33.08252
2671,224.34874
2672,473.45038
2673,696.9865
2674,872.5687
2675,964.6874
2676,979.9714
2677,906.71436
2678,788.2327
2679,572.7628
2680,356.55374
2681,130.98108
2682,11.749023
2683,0.0
2684,1.4358215
2685,1.7906799
2686,0.9740753
2687,1.2964325
2688,1.2575073
2689,2.1943054
2690,2.2953644
2691,0.0
2692,0.0
2693,3.520874
2694,46.895264
2695,228.25394
2696,452.5326
2697,658.4959
2698,827.7503
2699,930.9387
2700,945.30743
2701,841.0918
2702,789.4353
2703,576.30585
2704,367.86523
2705,150.61784
2706,13.80249
2707,0.0
2708,0.60276794
2709,1.255722
2710,0.0
2711,0.9061127
2712,0.44702148
2713,1.7620544
2714,0.76608276
2715,0.643631
2716,0.39245605
2717,3.7427063
2718,43.31697
2719,226.9868
2720,444.0662
2721,634.71094
2722,802.8853
2723,896.5152
2724,918.5356
2725,899.59143
2726,788.32086
2727,584.80896
2728,365.93408
2729,146.83147
2730,14.279495
2731,0.4540863
2732,1.2365265
2733,0.62490845
2734,0.35084534
2735,0.39822388
2736,0.0
2737,0.60569763
2738,0.53370667
2739,1.048233
2740,0.0
2741,1.2356415
2742,38.53865
2743,195.2068
2744,407.44476
2745,635.37134
2746,795.36505
2747,896.72565
2748,932.70734
2749,913.6119
2750,790.3999
2751,542.9121
2752,359.2397
2753,143.19794
2754,17.116333
2755,0.0
2756,0.16299438
2757,0.0
2758,0.4664154
2759,0.6341095
2760,0.0
2761,0.6273346
2762,0.60453796
2763,0.0
2764,0.0
2765,0.0
2766,26.65503
2767,208.69191
2768,459.78302
2769,684.83746
2770,851.03564
2771,957.3646
2772,970.79706
2773,916.4505
2774,759.8232
2775,561.7141
2776,360.12344
2777,139.11252
2778,14.381424
2779,0.0
2780,0.0
2781,0.032211304
2782,1.6595612
2783,2.3428497
2784,0.67099
2785,2.0854034
2786,1.9040833
2787,0.4474945
2788,0.0
2789,3.6725616
2790,46.151367
2791,245.75922
2792,502.0912
2793,706.17847
2794,879.5479
2795,966.6664
2796,978.1809
2797,923.71234
2798,800.19977
2799,588.85754
2800,376.38904
2801,156.4116
2802,14.581497
2803,0.0
2804,1.5228577
2805,1.2718658
2806,0.33772278
2807,0.0
2808,0.0
2809,0.92852783
2810,2.211731
2811,0.0
2812,1.663971
2813,1.5276031
2814,36.067215
2815,224.4688
2816,486.4542
2817,716.8352
2818,874.7575
2819,940.22675
2820,960.619
2821,865.119
2822,795.2468
2823,592.0659
2824,367.98053
2825,146.23175
2826,13.829239
2827,0.0
2828,0.8459625
2829,1.0247955
2830,0.0
2831,0.0
2832,0.0
2833,0.9092865
2834,1.7300873
2835,0.817749
2836,2.2657166
2837,2.086502
2838,37.70987
2839,219.2554
2840,459.5912
2841,696.9015
2842,850.74567
2843,947.96655
2844,963.9392
2845,911.44824
2846,787.37585
2847,577.2988
2848,358.57242
2849,134.0368
2850,12.295029
2851,0.0
2852,0.0
2853,0.0
2854,0.0
2855,0.0
2856,0.0
2857,0.0
2858,2.3444061
2859,0.0
2860,0.2956543
2861,2.591339
2862,47.072754
2863,244.18338
2864,483.86017
2865,685.7208
2866,850.3326
2867,927.874
2868,950.1208
2869,917.75757
2870,784.1
2871,561.78174
2872,360.88654
2873,144.72417
2874,14.043533
2875,0.0
2876,0.0
2877,0.0
2878,0.08596802
2879,0.51179504
2880,0.0
2881,0.13832092
2882,0.37860107
2883,0.8283081
2884,0.0
2885,4.650055
2886,44.24202
2887,234.77763
2888,486.1454
2889,713.20966
2890,885.2597
2891,986.8145
2892,996.1143
2893,942.9157
2894,814.4142
2895,614.1178
2896,377.31552
2897,151.05652
2898,14.644409
2899,0.0
2900,0.91423035
2901,0.95570374
2902,0.88830566
2903,0.5776367
2904,0.0
2905,0.63272095
2906,1.9696655
2907,0.43522644
2908,0.13114929
2909,3.6868896
2910,53.7191
2911,259.3888
2912,479.2125
2913,677.3643
2914,848.7523
2915,935.87146
2916,952.67004
2917,879.0521
2918,737.6199
2919,545.7267
2920,327.8623
2921,115.19882
2922,11.8068695
2923,0.0
2924,0.08996582
2925,0.7322998
2926,1.7996216
2927,2.085022
2928,1.4216461
2929,2.2664948
2930,2.0651093
2931,0.64845276
2932,0.0
2933,4.5876007
2934,47.96289
2935,240.21164
2936,453.23315
2937,663.0791
2938,831.0292
2939,917.05884
2940,921.95795
2941,820.8876
2942,718.6028
2943,510.39987
2944,319.07672
2945,122.27907
2946,10.737228
2947,0.0
2948,0.0
2949,0.38887024
2950,0.28347778
2951,0.0
2952,0.0
2953,0.0
2954,1.2631531
2955,0.0
2956,0.0
2957,0.0
2958,34.15918
2959,219.78697
2960,429.4444
2961,640.89496
2962,801.6511
2963,892.3734
2964,913.48865
2965,843.44403
2966,715.4415
2967,514.4823
2968,308.12125
2969,113.322784
2970,11.037231
2971,0.0
2972,0.0
2973,0.07737732
2974,0.46144104
2975,1.2234039
2976,1.6428986
2977,0.0
2978,0.0
2979,0.0
2980,0.0
2981,0.1000061
2982,40.87448
2983,200.28503
2984,395.6423
2985,621.6554
2986,758.5969
2987,860.11694
2988,874.36505
2989,831.26685
2990,711.1633
2991,513.0967
2992,319.13437
2993,126.16528
2994,13.698212
2995,0.0
2996,0.0
2997,0.0
2998,0.07368469
2999,0.23791504
3000,0.6725464
3001,1.502945
3002,0.0
3003,0.9247589
3004,0.0
3005,2.39299
3006,34.95468
3007,217.70251
3008,426.05588
3009,632.3805
3010,799.9047
3011,887.87665
3012,907.0909
3013,853.356
3014,733.29736
3015,520.4984
3016,327.3051
3017,134.10968
3018,15.174255
3019,0.0
3020,0.19528198
3021,0.68963623
3022,1.261673
3023,1.5559235
3024,0.0
3025,1.4664307
3026,1.9449615
3027,1.1725769
3028,0.837677
3029,6.829483
3030,44.010193
3031,236.85161
3032,450.28192
3033,641.0989
3034,804.90173
3035,888.2446
3036,898.0762
3037,820.80005
3038,656.33246
3039,464.6742
3040,258.22064
3041,102.314575
3042,12.554581
3043,0.08959961
3044,0.25524902
3045,0.2897339
3046,0.0
3047,0.0
3048,0.0
3049,0.0
3050,0.0
3051,0.0
3052,0.0
3053,0.42930603
3054,29.836014
3055,120.33045
3056,136.54523
3057,159.08766
3058,193.30371
3059,189.26746
3060,170.61407
3061,210.74915
3062,189.60014
3063,137.65445
3064,90.276215
3065,33.48294
3066,6.570938
3067,0.032913208
3068,1.0237427
3069,0.4869995
3070,0.0
3071,0.0
3072,0.0
3073,0.0
3074,0.0
3075,0.0
3076,0.16041565
3077,14.149307
3078,39.314087
3079,152.50552
3080,300.43253
3081,436.69577
3082,696.58093
3083,878.92633
3084,909.1737
3085,871.2861
3086,748.2297
3087,547.29456
3088,299.30695
3089,125.24423
3090,19.525177
3091,1.0242157
3092,0.74176025
3093,1.0002136
3094,0.0
3095,0.0
3096,0.0
3097,0.0
3098,0.56533813
3099,0.0
3100,0.0
3101,4.3173676
3102,36.213745
3103,199.63734
3104,407.83282
3105,618.8504
3106,773.44476
3107,851.73096
3108,809.1257
3109,636.6316
3110,434.16827
3111,331.51624
3112,207.13483
3113,79.06894
3114,10.930023
3115,0.0
3116,0.0
3117,0.7170563
3118,0.0
3119,0.0
3120,0.0
3121,0.0
3122,0.776947
3123,0.02709961
3124,0.0
3125,7.2725983
3126,40.541763
3127,213.52728
3128,383.7497
3129,577.42725
3130,698.3895
3131,766.08356
3132,747.0033
3133,704.5077
3134,568.0005
3135,430.7238
3136,262.76608
3137,102.21668
3138,14.705154
3139,0.0
3140,0.0
3141,0.32174683
3142,0.0
3143,0.0
3144,0.0
3145,0.0
3146,0.8636627
3147,0.0
3148,0.0
3149,4.06604
3150,41.672607
3151,180.81824
3152,309.33603
3153,433.38367
3154,651.7683
3155,772.23254
3156,741.779
3157,576.2865
3158,417.1668
3159,337.81488
3160,214.55376
3161,92.44753
3162,15.942795
3163,0.0
3164,0.0
3165,0.0
3166,0.5881958
3167,4.246811
3168,3.2521667
3169,1.406601
3170,1.1732788
3171,2.6943817
3172,0.9052582
3173,13.376465
3174,42.800415
3175,218.12865
3176,443.4806
3177,652.6153
3178,787.0128
3179,891.28644
3180,864.41235
3181,779.4694
3182,685.1975
3183,496.26645
3184,314.13913
3185,131.04456
3186,17.453308
3187,0.0
3188,0.0
3189,1.1523132
3190,0.58618164
3191,0.3421173
3192,0.0
3193,0.0
3194,1.7489777
3195,0.47187805
3196,0.0
3197,7.185913
3198,44.639343
3199,177.20676
3200,302.9018
3201,488.50372
3202,584.8154
3203,612.2449
3204,690.00037
3205,596.97864
3206,505.87357
3207,351.56073
3208,200.3036
3209,84.872314
3210,20.418152
3211,0.0
3212,0.0
3213,0.2111969
3214,0.0
3215,0.015289307
3216,0.2097168
3217,0.0
3218,0.0
3219,0.0
3220,0.0
3221,10.505264
3222,39.640076
3223,206.52367
3224,380.7985
3225,568.49774
3226,693.29285
3227,834.8916
3228,866.1588
3229,856.02295
3230,734.61145
3231,536.7319
3232,311.7165
3233,122.11908
3234,18.602005
3235,0.0
3236,0.0
3237,0.0
3238,0.20892334
3239,2.4899292
3240,2.533371
3241,3.545395
3242,10.743301
3243,0.0
3244,0.0
3245,8.49585
3246,41.39772
3247,219.58865
3248,474.62698
3249,701.265
3250,853.67114
3251,901.51495
3252,888.33606
3253,753.7428
3254,560.26587
3255,425.45325
3256,263.1582
3257,102.39541
3258,12.480484
3259,0.47166443
3260,0.0
3261,0.8568268
3262,0.0
3263,0.1631012
3264,0.0
3265,0.0
3266,0.0
3267,0.0
3268,0.0
3269,6.9260406
3270,48.06433
3271,199.2025
3272,333.07843
3273,503.21487
3274,641.09424
3275,667.91455
3276,606.12836
3277,464.35962
3278,335.9861
3279,138.53978
3280,110.24238
3281,43.650803
3282,4.3852997
3283,2.0475159
3284,0.0
3285,0.0
3286,0.0
3287,0.0
3288,0.0
3289,0.0
3290,0.0
3291,0.0
3292,0.0
3293,12.278809
3294,40.874832
3295,163.15266
3296,335.4737
3297,524.0025
3298,678.1785
3299,763.8351
3300,763.2828
3301,726.5372
3302,633.70276
3303,472.38348
3304,313.33752
3305,122.13914
3306,15.361923
3307,0.0
3308,0.0
3309,0.4861908
3310,0.0
3311,0.0
3312,0.0
3313,0.0
3314,0.48719788
3315,0.0
3316,0.0
3317,6.6452026
3318,41.599396
3319,178.10767
3320,312.33487
3321,487.642
3322,627.70154
3323,685.5939
3324,655.4005
3325,432.932
3326,437.92847
3327,308.5398
3328,189.32997
3329,67.12041
3330,13.081787
3331,0.0
3332,0.0
3333,0.5673981
3334,0.5736389
3335,0.34632874
3336,0.0
3337,0.039749146
3338,0.0
3339,0.0
3340,0.0
3341,10.080704
3342,35.1165
3343,130.55396
3344,261.55637
3345,396.6427
3346,527.34717
3347,680.9576
3348,724.9988
3349,717.05597
3350,581.21484
3351,492.66632
3352,299.8615
3353,137.873
3354,20.685608
3355,0.0
3356,0.0
3357,0.36573792
3358,0.20114136
3359,0.76290894
3360,1.4848175
3361,1.7163544
3362,2.0654602
3363,2.0985107
3364,0.0
3365,8.392548
3366,37.994095
3367,176.69507
3368,341.02985
3369,502.2875
3370,711.7007
3371,740.2175
3372,766.9144
3373,797.34155
3374,654.21533
3375,442.39145
3376,264.7
3377,116.25979
3378,16.06868
3379,0.0
3380,0.0
3381,0.0
3382,0.0
3383,1.4045105
3384,0.8099518
3385,0.220047
3386,0.87698364
3387,0.22465515
3388,0.0
3389,9.530991
3390,44.63051
3391,177.67355
3392,305.2602
3393,489.96326
3394,547.09155
3395,561.7433
3396,554.94006
3397,484.01584
3398,462.09442
3399,296.91
3400,180.80106
3401,62.68312
3402,10.794601
3403,0.0
3404,0.0
3405,0.10319519
3406,0.0
3407,0.0
3408,0.33642578
3409,0.34831238
3410,0.8149414
3411,0.11566162
3412,0.6324005
3413,11.98204
3414,38.15045
3415,147.26
3416,266.00308
3417,426.52975
3418,470.52246
3419,628.4782
3420,624.5496
3421,627.4258
3422,522.49927
3423,418.38278
3424,257.3194
3425,103.8132
3426,15.01886
3427,0.0
3428,0.0
3429,0.0
3430,0.0
3431,0.12557983
3432,0.8423004
3433,1.0129852
3434,2.5640106
3435,1.3248291
3436,0.0
3437,7.49765
3438,34.61998
3439,173.92554
3440,345.06018
3441,535.40247
3442,607.7861
3443,595.6748
3444,626.0884
3445,619.3187
3446,505.67538
3447,367.86218
3448,223.99814
3449,90.48569
3450,17.266617
3451,0.0
3452,0.0
3453,0.56803894
3454,0.0
3455,1.2215576
3456,0.8273926
3457,0.26611328
3458,0.38127136
3459,0.33351135
3460,0.0
3461,9.323822
3462,37.421173
3463,126.61119
3464,236.70145
3465,401.65726
3466,509.32675
3467,617.86804
3468,529.20703
3469,680.1216
3470,536.6472
3471,338.1441
3472,210.49893
3473,86.98813
3474,23.379532
3475,0.0
3476,0.0
3477,0.0
3478,0.0
3479,0.0
3480,1.0415802
3481,0.5125427
3482,1.0669403
3483,0.0
3484,0.49223328
3485,8.517166
3486,37.56343
3487,235.36632
3488,443.48206
3489,636.66943
3490,752.5076
3491,789.10297
3492,597.25214
3493,696.5301
3494,505.57858
3495,350.51282
3496,202.7964
3497,81.21034
3498,13.927689
3499,0.0
3500,0.0
3501,0.0
3502,0.0
3503,0.0
3504,0.0
3505,0.0
3506,0.0
3507,0.0
3508,0.0
3509,8.488739
3510,46.438583
3511,187.70738
3512,385.6914
3513,569.61505
3514,684.86426
3515,763.0417
3516,775.3464
3517,705.2385
3518,649.2593
3519,482.52203
3520,309.28262
3521,129.23792
3522,17.654922
3523,0.0
3524,0.0
3525,0.14068604
3526,0.0
3527,0.0
3528,0.0
3529,0.0
3530,0.2171936
3531,0.0
3532,0.0
3533,6.5653534
3534,43.742584
3535,244.62479
3536,461.4013
3537,656.7849
3538,828.55963
3539,904.7455
3540,899.7932
3541,824.6091
3542,601.4961
3543,491.2469
3544,264.30673
3545,121.23818
3546,12.555283
3547,0.0
3548,0.0
3549,0.34843445
3550,0.0
3551,0.0
3552,0.0
3553,0.0
3554,0.0
3555,0.0
3556,0.0
3557,9.811584
3558,51.236694
3559,235.08707
3560,454.63376
3561,637.7052
3562,757.6339
3563,869.4641
3564,825.7726
3565,694.1948
3566,638.1116
3567,452.81024
3568,301.80157
3569,124.00349
3570,16.25737
3571,0.0
3572,0.0
3573,1.0770874
3574,0.4883423
3575,1.0350952
3576,0.31155396
3577,0.0
3578,0.28079224
3579,0.0
3580,0.0
3581,10.035965
3582,49.145325
3583,227.92372
3584,419.62817
3585,614.39514
3586,782.0109
3587,772.1832
3588,778.97296
3589,608.7535
3590,584.40955
3591,459.18628
3592,278.13312
3593,117.74606
3594,16.647736
3595,0.0
3596,0.0
3597,1.4384766
3598,0.83535767
3599,0.61576843
3600,0.0
3601,0.11480713
3602,0.14399719
3603,0.5051727
3604,0.0
3605,14.483215
3606,47.3208
3607,223.0934
3608,432.46048
3609,623.16064
3610,784.6708
3611,861.1858
3612,889.96063
3613,791.7394
3614,659.694
3615,430.084
3616,294.7707
3617,128.34958
3618,22.616547
3619,0.86491394
3620,0.46780396
3621,1.0930939
3622,0.3847351
3623,1.4096069
3624,1.0301208
3625,0.0
3626,0.23410034
3627,0.0072631836
3628,0.1736908
3629,13.223846
3630,49.31111
3631,204.05014
3632,354.17822
3633,529.8733
3634,655.1869
3635,726.6726
3636,714.5069
3637,661.1561
3638,617.0863
3639,432.90253
3640,273.85623
3641,113.637985
3642,19.615646
3643,0.0
3644,0.29681396
3645,0.7593231
3646,0.0
3647,0.0
3648,0.0
3649,0.0
3650,0.0
3651,0.0
3652,0.0
3653,5.582138
3654,35.32419
3655,156.17346
3656,282.88654
3657,441.1204
3658,551.288
3659,633.50146
3660,631.4125
3661,537.38007
3662,348.81427
3663,307.9655
3664,194.818
3665,92.59521
3666,17.761765
3667,0.0
3668,0.0
3669,0.0
3670,0.0
3671,1.0325623
3672,0.1247406
3673,0.0
3674,0.0
3675,0.0
3676,0.0
3677,8.969681
3678,34.152664
3679,195.93408
3680,403.248
3681,572.25244
3682,707.7456
3683,635.4029
3684,728.97736
3685,669.4387
3686,635.58875
3687,453.6374
3688,290.01788
3689,119.815834
3690,16.728394
3691,0.0
3692,0.0
3693,0.0
3694,0.0
3695,0.0
3696,0.0
3697,0.0
3698,1.0580597
3699,0.85157776
3700,0.0
3701,10.277924
3702,47.480133
3703,192.58258
3704,330.94522
3705,504.34033
3706,619.4404
3707,727.5458
3708,633.86285
3709,712.78186
3710,556.8812
3711,443.27686
3712,271.54056
3713,123.88026
3714,19.218857
3715,0.0
3716,0.0
3717,0.0
3718,0.0
3719,0.0
3720,0.0
3721,0.0
3722,0.27642822
3723,0.0
3724,0.0
3725,7.1364594
3726,41.170013
3727,200.68925
3728,371.47662
3729,551.94543
3730,662.57104
3731,783.1115
3732,857.28864
3733,799.3601
3734,622.2686
3735,455.3758
3736,288.7328
3737,128.84943
3738,21.44165
3739,0.0
3740,0.0
3741,0.0
3742,0.0
3743,0.0
3744,0.33181763
3745,0.0
3746,0.0
3747,0.0
3748,0.0
3749,7.738434
3750,45.98413
3751,172.41728
3752,295.4048
3753,473.7671
3754,688.8074
3755,760.6818
3756,720.12085
3757,680.5244
3758,597.92224
3759,462.1452
3760,286.727
3761,126.867615
3762,16.670013
3763,0.0
3764,0.0
3765,0.0
3766,0.0
3767,0.0
3768,0.0
3769,0.0
3770,0.0
3771,0.0
3772,0.0
3773,3.6169586
3774,37.66072
3775,209.91391
3776,419.0181
3777,609.7346
3778,731.06024
3779,655.96606
3780,771.6512
3781,697.7444
3782,576.9197
3783,418.90216
3784,261.0904
3785,114.204475
3786,18.51059
3787,0.0
3788,0.0
3789,0.0
3790,0.0
3791,0.0
3792,0.0
3793,0.0
3794,0.0
3795,0.0
3796,0.0
3797,9.218842
3798,43.610107
3799,213.3127
3800,384.1933
3801,577.6261
3802,705.05835
3803,684.368
3804,705.8323
3805,675.9675
3806,510.28052
3807,373.1015
3808,246.3749
3809,103.694405
3810,15.760941
3811,0.0
3812,0.0
3813,0.0
3814,0.0
3815,0.16560364
3816,0.012954712
3817,0.0
3818,0.11109924
3819,0.0
3820,0.0
3821,9.130554
3822,43.08998
3823,203.83658
3824,377.36884
3825,557.63403
3826,656.32935
3827,769.9094
3828,813.429
3829,753.89166
3830,651.6462
3831,462.043
3832,305.43658
3833,139.88971
3834,24.301727
3835,0.0
3836,0.0
3837,0.9700012
3838,1.2437439
3839,1.9714508
3840,2.7677155
3841,0.8972626
3842,1.1159973
3843,0.6030426
3844,0.0015716553
3845,9.12088
3846,43.79094
3847,179.62717
3848,335.3301
3849,505.45807
3850,701.25073
3851,775.2627
3852,772.2556
3853,748.081
3854,561.7518
3855,371.36172
3856,228.19447
3857,95.02797
3858,14.035156
3859,0.0
3860,0.0
3861,0.0
3862,0.0
3863,0.0
3864,0.0
3865,0.0
3866,0.0
3867,0.0
3868,0.0
3869,7.198227
3870,42.695145
3871,133.5244
3872,255.14389
3873,404.65607
3874,547.5498
3875,567.48193
3876,555.1299
3877,491.5599
3878,375.7641
3879,292.48227
3880,188.42094
3881,72.09537
3882,17.310455
3883,0.0
3884,0.0
3885,0.0
3886,0.0
3887,0.0
3888,0.0
3889,0.0
3890,0.0
3891,0.0
3892,0.0
3893,9.354523
3894,37.715622
3895,126.762985
3896,251.03279
3897,422.3757
3898,668.39014
3899,767.561
3900,698.37964
3901,562.7019
3902,424.7156
3903,323.0801
3904,206.41734
3905,89.613266
3906,20.435715
3907,0.0
3908,0.0
3909,0.0
3910,0.0
3911,0.0
3912,0.0
3913,0.0
3914,0.0
3915,0.0
3916,0.0
3917,8.9361725
3918,39.245102
3919,176.18193
3920,373.25458
3921,548.92126
3922,775.4723
3923,835.24854
3924,844.9172
3925,749.14166
3926,583.81494
3927,457.97964
3928,265.90305
3929,127.82779
3930,15.193008
3931,0.0
3932,0.0
3933,0.0
3934,0.0
3935,0.0
3936,0.0
3937,0.0
3938,0.0
3939,0.0
3940,0.0
3941,8.536591
3942,45.873886
3943,225.0807
3944,453.00897
3945,648.15295
3946,816.7865
3947,891.87476
3948,907.1183
3949,831.22546
3950,662.3257
3951,535.8573
3952,342.65222
3953,155.10178
3954,19.512756
3955,0.0
3956,0.0
3957,0.706192
3958,0.76916504
3959,0.82463074
3960,0.26290894
3961,0.4401245
3962,4.4844513
3963,0.0
3964,0.0
3965,7.449127
3966,52.59366
3967,237.0508
3968,471.39783
3969,686.5763
3970,843.861
3971,908.5797
3972,898.3855
3973,684.9839
3974,623.9264
3975,455.29645
3976,296.69217
3977,132.8616
3978,21.988083
3979,0.0
3980,0.0
3981,1.9879456
3982,2.0987854
3983,2.5146027
3984,1.6248474
3985,0.7376251
3986,0.9791107
3987,0.8845215
3988,0.19400024
3989,14.343323
3990,51.11302
3991,236.32674
3992,458.31482
3993,655.2286
3994,823.90955
3995,898.1894
3996,898.28326
3997,863.42316
3998,735.095
3999,537.4999
4000,344.9305
4001,159.52759
4002,23.17833
4003,0.0
4004,0.18940735
4005,1.5124359
4006,1.3929443
4007,2.1620789
4008,1.9620361
4009,2.2476044
4010,2.4842377
4011,1.9381256
4012,0.8987732
4013,12.985443
4014,53.754272
4015,229.09708
4016,445.41107
4017,633.556
4018,767.08997
4019,862.8342
4020,920.35986
4021,818.7709
4022,710.42816
4023,529.1313
4024,343.5182
4025,164.3408
4026,24.417221
4027,0.0
4028,0.0
4029,1.5606384
4030,0.9274597
4031,1.4036713
4032,0.9443817
4033,0.5296173
4034,0.9131317
4035,0.24984741
4036,0.0
4037,8.525681
4038,47.42682
4039,160.04295
4040,281.80096
4041,404.24487
4042,546.87463
4043,701.8108
4044,777.88745
4045,781.9709
4046,681.59076
4047,504.30344
4048,327.33978
4049,160.2082
4050,31.090698
4051,0.0
4052,0.0
4053,0.0
4054,0.5552826
4055,2.1494598
4056,3.2366486
4057,1.9720612
4058,2.2680206
4059,1.6573944
4060,0.0
4061,6.235794
4062,34.498077
4063,189.02979
4064,393.84796
4065,587.3811
4066,733.9707
4067,817.5565
4068,822.49677
4069,769.9323
4070,662.2466
4071,498.94656
4072,332.0477
4073,161.57993
4074,25.742294
4075,0.0
4076,0.0
4077,1.2915802
4078,1.6354675
4079,2.1130066
4080,1.4026031
4081,0.41181946
4082,0.79281616
4083,0.31144714
4084,0.0
4085,7.112091
4086,44.45552
4087,226.7527
4088,426.54056
4089,616.5171
4090,787.25214
4091,901.0556
4092,918.66846
4093,825.3228
4094,746.12964
4095,563.1627
4096,360.44318
4097,171.45238
4098,25.409851
4099,0.0
4100,0.14291382
4101,2.1704407
4102,1.3768921
4103,1.161377
4104,1.4507751
4105,0.968338
4106,4.128433
4107,0.0
4108,0.0
4109,7.640457
4110,64.14537
4111,251.26935
4112,455.63416
4113,666.581
4114,815.0755
4115,897.6978
4116,881.84576
4117,850.7254
4118,729.76556
4119,538.2074
4120,302.48346
4121,149.72278
4122,19.354416
4123,0.0
4124,0.4276123
4125,1.3613281
4126,0.7149658
4127,0.97210693
4128,1.2507172
4129,1.04776
4130,0.3796997
4131,0.0
4132,0.0
4133,22.159103
4134,68.08174
4135,239.95148
4136,447.64758
4137,631.8332
4138,786.70776
4139,863.3065
4140,789.49493
4141,715.62994
4142,593.97327
4143,444.7707
4144,294.37573
4145,128.07202
4146,23.846252
4147,0.0
4148,1.3557281
4149,3.0441742
4150,1.9996948
4151,2.384674
4152,1.9716034
4153,1.0263977
4154,0.76660156
4155,0.0
4156,0.0
4157,10.167435
4158,47.127518
4159,177.45575
4160,342.0946
4161,512.03357
4162,628.6239
4163,727.39154
4164,709.07153
4165,637.471
4166,566.427
4167,428.6916
4168,283.12518
4169,135.34181
4170,25.736725
4171,0.70155334
4172,0.34840393
4173,1.8564606
4174,1.1299896
4175,1.7126465
4176,2.151535
4177,0.012191772
4178,0.0
4179,0.0
4180,0.0
4181,5.6635284
4182,35.51796
4183,129.28232
4184,247.6343
4185,382.08838
4186,570.7618
4187,677.5163
4188,669.2456
4189,619.3491
4190,530.8709
4191,412.71808
4192,274.57184
4193,133.69345
4194,32.01367
4195,0.0
4196,0.0
4197,1.0028687
4198,1.1360626
4199,2.9804993
4200,3.922226
4201,2.64357
4202,2.5667114
4203,3.0586548
4204,2.607605
4205,11.388016
4206,37.463562
4207,163.68584
4208,339.98102
4209,526.381
4210,523.30896
4211,606.063
4212,637.7848
4213,496.50113
4214,374.026
4215,292.29587
4216,174.06738
4217,74.550964
4218,19.370712
4219,2.0407867
4220,0.0
4221,0.8440094
4222,0.0
4223,0.65167236
4224,0.5831909
4225,0.11425781
4226,0.000289917
4227,0.026153564
4228,0.662796
4229,13.477707
4230,39.434204
4231,125.77924
4232,233.44485
4233,379.90192
4234,604.6626
4235,657.0088
4236,582.261
4237,319.15164
4238,246.44484
4239,224.63568
4240,123.85497
4241,58.361557
4242,15.077759
4243,0.0
4244,0.0
4245,0.0
4246,0.0
4247,0.0
4248,0.0
4249,0.0
4250,0.0
4251,0.0
4252,0.55326843
4253,14.482956
4254,34.35289
4255,127.97784
4256,215.24512
4257,370.76022
4258,383.35782
4259,264.55035
4260,508.01727
4261,348.96826
4262,281.20847
4263,181.66426
4264,137.95422
4265,60.480484
4266,14.401489
4267,0.0
4268,0.0
4269,0.0
4270,0.0
4271,0.0
4272,0.0
4273,0.0
4274,0.0
4275,1.5798492
4276,1.868454
4277,16.648438
4278,39.908768
4279,152.62448
4280,300.52634
4281,441.35196
4282,627.9652
4283,663.31116
4284,588.77844
4285,575.19604
4286,642.9895
4287,471.42108
4288,303.2448
4289,128.1847
4290,27.466019
4291,0.0
4292,0.0
4293,0.0
4294,0.0
4295,0.0
4296,0.31573486
4297,0.73654175
4298,2.0956726
4299,3.1221619
4300,1.3956451
4301,8.644257
4302,38.370575
4303,213.63838
4304,425.87793
4305,627.16895
4306,791.1089
4307,880.1047
4308,848.8646
4309,721.7384
4310,612.4604
4311,409.8087
4312,293.59424
4313,135.15099
4314,29.72284
4315,0.0
4316,0.0
4317,0.28231812
4318,0.0
4319,0.13815308
4320,0.0
4321,0.0
4322,0.0
4323,0.0
4324,0.0
4325,6.7349396
4326,37.72502
4327,147.22003
4328,269.09418
4329,406.12497
4330,557.88824
4331,470.18353
4332,411.64493
4333,329.5239
4334,271.4361
4335,225.58305
4336,167.14157
4337,67.39383
4338,14.382721
4339,1.1833801
4340,0.0
4341,0.0
4342,0.0
4343,0.0
4344,0.0
4345,0.0
4346,0.277771
4347,1.6019135
4348,3.3476868
4349,12.04335
4350,32.48883
4351,169.3222
4352,333.85974
4353,499.99893
4354,660.9613
4355,750.4637
4356,704.1044
4357,690.5319
4358,581.02075
4359,433.97565
4360,286.1815
4361,132.72543
4362,26.270874
4363,0.0
4364,0.0
4365,0.0
4366,0.0
4367,0.31155396
4368,1.454361
4369,0.3660736
4370,1.8036041
4371,1.8649445
4372,1.4614868
4373,10.180603
4374,40.769943
4375,127.36013
4376,288.8781
4377,458.44104
4378,583.5692
4379,688.5559
4380,656.66406
4381,606.88513
4382,545.9175
4383,447.66748
4384,288.35614
4385,131.82489
4386,28.047104
4387,0.0
4388,0.0
4389,0.168396
4390,1.2728271
4391,2.5904083
4392,3.5484772
4393,2.0495605
4394,2.1185455
4395,2.114914
4396,1.5348969
4397,9.506668
4398,35.97293
4399,159.88303
4400,336.4464
4401,529.555
4402,632.9236
4403,722.9486
4404,818.4726
4405,701.2184
4406,688.34906
4407,494.1604
4408,312.14584
4409,150.72235
4410,26.161484
4411,0.0
4412,0.0
4413,0.6771698
4414,0.88890076
4415,2.3743286
4416,2.640976
4417,1.7266846
4418,1.5006714
4419,1.6405029
4420,0.19140625
4421,8.938629
4422,38.86104
4423,174.55612
4424,341.4357
4425,523.8767
4426,642.0936
4427,644.33307
4428,560.7372
4429,520.62537
4430,385.1631
4431,291.835
4432,207.38026
4433,74.70976
4434,19.672333
4435,0.7922516
4436,0.0
4437,0.5905609
4438,0.32080078
4439,1.5633545
4440,0.7940979
4441,0.0
4442,0.12059021
4443,0.0
4444,0.7201843
4445,10.268433
4446,36.642456
4447,124.93638
4448,214.57993
4449,356.6609
4450,308.50824
4451,500.48026
4452,492.14172
4453,414.67468
4454,376.0815
4455,284.8843
4456,159.49524
4457,64.04932
4458,20.144043
4459,0.0
4460,0.0
4461,0.0
4462,0.0
4463,0.28526306
4464,1.4439697
4465,0.7131653
4466,1.9450226
4467,0.7260895
4468,0.54164124
4469,9.372009
4470,31.713211
4471,132.4188
4472,306.19586
4473,455.05548
4474,650.46204
4475,709.7567
4476,642.4176
4477,526.8551
4478,503.23807
4479,403.95984
4480,265.94345
4481,126.93902
4482,26.549423
4483,0.0
4484,0.0
4485,0.60801697
4486,0.62753296
4487,1.7471466
4488,1.2230835
4489,0.8703766
4490,2.1390686
4491,3.3304596
4492,2.6452484
4493,11.798325
4494,37.39485
4495,184.25023
4496,382.61578
4497,571.4324
4498,766.9689
4499,875.8894
4500,905.4077
4501,859.2875
4502,735.84595
4503,517.6433
4504,306.7883
4505,144.32498
4506,22.529007
4507,1.249466
4508,0.0
4509,0.45414734
4510,0.0
4511,0.9390869
4512,0.050979614
4513,0.0
4514,0.0
4515,0.0
4516,0.0
4517,10.430298
4518,44.309174
4519,222.7139
4520,428.0622
4521,629.09106
4522,792.0859
4523,879.96326
4524,902.606
4525,793.4537
4526,648.5807
4527,447.93555
4528,292.8863
4529,150.80179
4530,26.46994
4531,0.47117615
4532,0.5708618
4533,1.5668945
4534,0.8154907
4535,2.1674957
4536,0.8633728
4537,0.0
4538,0.0
4539,0.0
4540,0.0
4541,9.685699
4542,46.565292
4543,151.71753
4544,264.0946
4545,379.63782
4546,539.9248
4547,612.648
4548,666.97546
4549,666.8739
4550,546.58325
4551,369.0368
4552,252.48936
4553,124.77322
4554,28.548965
4555,0.6185913
4556,0.0
4557,0.3115387
4558,0.31808472
4559,2.2460327
4560,3.90596
4561,2.219818
4562,1.6763153
4563,1.0909729
4564,1.096283
4565,9.188293
4566,36.080215
4567,137.45436
4568,309.568
4569,487.82495
4570,680.63525
4571,759.5655
4572,609.5847
4573,531.2167
4574,402.6134
4575,282.43762
4576,189.14026
4577,88.41019
4578,19.012878
4579,0.5403137
4580,0.0
4581,0.0
4582,0.0
4583,0.8218384
4584,0.25798035
4585,0.0
4586,0.0
4587,0.0
4588,0.020050049
4589,7.9425507
4590,33.405655
4591,124.06236
4592,279.81635
4593,437.60855
4594,454.4944
4595,277.49118
4596,258.78256
4597,490.60156
4598,330.66446
4599,244.78049
4600,161.04039
4601,66.454605
4602,13.319687
4603,0.0
4604,0.0
4605,0.2881317
4606,0.75675964
4607,2.1929016
4608,2.4457245
4609,2.1774445
4610,2.8345795
4611,3.2828674
4612,5.352524
4613,10.410858
4614,34.146484
4615,92.240875
4616,141.80403
4617,241.39772
4618,431.2241
4619,671.61975
4620,748.3651
4621,739.1358
4622,571.5016
4623,496.32077
4624,325.04413
4625,170.85948
4626,37.136826
4627,0.4477234
4628,0.0
4629,0.0
4630,0.7685089
4631,1.2689972
4632,2.6443024
4633,1.9279633
4634,1.6811218
4635,1.2052917
4636,0.8497162
4637,4.1839294
4638,28.56044
4639,122.498825
4640,261.84888
4641,462.7351
4642,565.0912
4643,717.3458
4644,825.20325
4645,779.3899
4646,694.79736
4647,503.50574
4648,326.92404
4649,158.17456
4650,39.421143
4651,1.2100983
4652,0.27690125
4653,1.2719421
4654,0.0
4655,0.5518646
4656,1.2674866
4657,0.20703125
4658,0.0
4659,0.0
4660,0.0
4661,2.6120605
4662,30.205673
4663,183.19626
4664,354.71252
4665,514.3191
4666,663.17126
4667,715.8963
4668,764.9339
4669,654.6378
4670,567.66956
4671,401.28055
4672,255.00938
4673,119.05676
4674,27.633911
4675,0.7843628
4676,0.117630005
4677,1.0623932
4678,0.0
4679,0.97979736
4680,1.193512
4681,0.62802124
4682,0.06303406
4683,0.0
4684,0.0
4685,6.090439
4686,34.11029
4687,141.49977
4688,251.98007
4689,365.79675
4690,624.771
4691,776.878
4692,795.5538
4693,810.9863
4694,615.6654
4695,527.6838
4696,338.4791
4697,171.96747
4698,37.04689
4699,0.0
4700,0.0
4701,0.6061859
4702,1.1810608
4703,2.5796967
4704,2.9237823
4705,2.1708221
4706,1.7800751
4707,0.97377014
4708,0.0
4709,4.086334
4710,33.816696
4711,122.949776
4712,247.30978
4713,407.56714
4714,445.67807
4715,441.90717
4716,397.8578
4717,308.83444
4718,250.25725
4719,264.83337
4720,156.85663
4721,52.566803
4722,15.989807
4723,0.0
4724,0.0
4725,0.9464569
4726,0.0
4727,0.85920715
4728,0.7652893
4729,1.4106598
4730,2.1572723
4731,3.3347168
4732,4.0829163
4733,11.531799
4734,33.017715
4735,112.471504
4736,208.3881
4737,299.74417
4738,402.93213
4739,446.96582
4740,459.1862
4741,496.45856
4742,411.81537
4743,297.35336
4744,181.06668
4745,90.760376
4746,23.502441
4747,2.0127563
4748,0.0
4749,1.292511
4750,2.393509
4751,5.5370026
4752,5.682495
4753,4.9539337
4754,4.305664
4755,4.524124
4756,4.91066
4757,12.831345
4758,34.81357
4759,180.3076
4760,389.11572
4761,560.0248
4762,749.3137
4763,746.57654
4764,677.30273
4765,711.27783
4766,503.80408
4767,387.27448
4768,260.58896
4769,113.67846
4770,21.682755
4771,1.7186279
4772,0.5560303
4773,1.8762817
4774,2.4347534
4775,3.4586945
4776,1.1782684
4777,0.5636902
4778,2.080902
4779,2.428955
4780,1.7502594
4781,11.3289795
4782,42.65036
4783,168.32993
4784,355.8017
4785,545.56067
4786,627.0017
4787,586.716
4788,540.2184
4789,396.3775
4790,495.40897
4791,361.55106
4792,233.06888
4793,96.37923
4794,24.974487
4795,0.0
4796,0.0
4797,1.4159393
4798,0.8984375
4799,1.7571869
4800,1.0674438
4801,0.7631073
4802,1.7156677
4803,2.6728058
4804,1.1814117
4805,10.15004
4806,33.918106
4807,109.56382
4808,210.27695
4809,292.36655
4810,360.2487
4811,433.99722
4812,458.8438
4813,408.0293
4814,400.74915
4815,302.7423
4816,195.40486
4817,79.32652
4818,20.702957
4819,0.0
4820,0.0
4821,0.0
4822,0.0
4823,0.6539612
4824,1.0606995
4825,1.4856415
4826,2.301056
4827,2.5555878
4828,2.3754425
4829,11.370041
4830,30.426239
4831,137.03601
4832,308.86172
4833,486.63382
4834,561.92926
4835,551.63885
4836,663.03455
4837,596.78125
4838,450.87534
4839,343.95483
4840,206.41032
4841,97.40743
4842,20.708755
4843,0.0
4844,0.0
4845,0.0
4846,0.0
4847,1.2625885
4848,1.1109619
4849,1.2292175
4850,1.1758423
4851,1.8855133
4852,0.46966553
4853,9.453003
4854,34.636047
4855,139.02109
4856,279.32516
4857,432.69507
4858,621.9563
4859,714.64233
4860,703.1485
4861,699.3496
4862,591.4181
4863,428.47546
4864,286.1915
4865,130.87807
4866,27.731293
4867,0.0
4868,0.0
4869,0.0
4870,0.0
4871,1.155426
4872,1.3536682
4873,0.0
4874,0.39717102
4875,0.23226929
4876,0.0
4877,5.3799896
4878,34.69507
4879,132.05124
4880,256.44434
4881,411.38696
4882,565.61566
4883,712.17444
4884,635.4305
4885,527.9927
4886,420.6391
4887,343.92978
4888,221.7731
4889,93.53409
4890,20.546967
4891,0.0
4892,0.0
4893,0.0
4894,0.0
4895,1.481842
4896,0.8172455
4897,0.0
4898,0.0
4899,0.0
4900,0.0
4901,7.0992737
4902,31.901123
4903,132.54276
4904,281.4309
4905,458.74622
4906,641.1912
4907,699.2665
4908,758.50256
4909,622.76447
4910,507.40005
4911,385.4306
4912,241.22815
4913,110.21359
4914,21.645248
4915,0.0
4916,0.0
4917,0.39334106
4918,0.0
4919,0.74861145
4920,0.0
4921,0.0
4922,0.0
4923,0.0
4924,0.0
4925,4.55278
4926,32.660248
4927,131.74985
4928,258.68073
4929,406.1324
4930,481.82672
4931,489.44965
4932,620.1542
4933,535.4261
4934,471.83408
4935,362.02658
4936,229.77428
4937,103.32433
4938,28.927872
4939,0.0
4940,0.0
4941,0.31556702
4942,0.0
4943,0.79841614
4944,0.98457336
4945,0.51220703
4946,0.0
4947,0.0
4948,0.0
4949,6.854065
4950,31.775116
4951,106.10122
4952,187.67021
4953,323.0453
4954,493.67328
4955,326.33472
4956,425.3985
4957,333.48
4958,212.40576
4959,176.31279
4960,118.21903
4961,49.871155
4962,9.1586
4963,2.3567657
4964,0.0
4965,0.0
4966,0.0
4967,0.0
4968,0.0
4969,0.0
4970,0.0
4971,0.0
4972,0.0
4973,6.9268494
4974,30.542648
4975,109.94076
4976,213.92921
4977,375.5069
4978,356.78748
4979,388.2497
4980,436.6819
4981,528.39685
4982,457.15137
4983,352.05673
4984,219.96239
4985,103.94888
4986,28.07869
4987,0.0
4988,0.0
4989,1.1763611
4990,0.7162018
4991,2.3999786
4992,2.7049408
4993,2.3701172
4994,3.3130493
4995,3.3382416
4996,1.6304016
4997,7.6043243
4998,30.181091
4999,150.71625
5000,283.81836
5001,431.5273
5002,514.11316
5003,612.9977
5004,580.14014
5005,619.72986
5006,442.92825
5007,289.87955
5008,162.54225
5009,57.082077
5010,12.748856
5011,0.0
5012,0.0
5013,0.0
5014,0.0
5015,0.0
5016,0.0
5017,0.0
5018,0.0
5019,0.0
5020,0.0
5021,5.60524
5022,34.258423
5023,88.96707
5024,161.84985
5025,213.8706
5026,406.2483
5027,569.9873
5028,604.791
5029,469.05466
5030,497.87387
5031,384.8717
5032,262.4075
5033,125.80092
5034,28.0383
5035,0.0
5036,0.0
5037,0.0
5038,0.16375732
5039,1.7635193
5040,2.677597
5041,2.1338654
5042,2.3524628
5043,1.8643494
5044,0.17486572
5045,6.7551575
5046,26.856339
5047,98.79579
5048,204.66145
5049,347.0575
5050,534.24854
5051,649.9319
5052,656.23224
5053,671.8312
5054,573.3034
5055,443.88574
5056,275.75998
5057,133.09676
5058,30.87027
5059,0.0
5060,0.0
5061,0.0
5062,0.0
5063,0.49267578
5064,1.1973267
5065,1.3183289
5066,1.1946564
5067,0.07546997
5068,0.0
5069,3.0450897
5070,26.78218
5071,120.86548
5072,261.7298
5073,440.52948
5074,557.8963
5075,617.0012
5076,583.8368
5077,428.27246
5078,389.17035
5079,282.14505
5080,181.53197
5081,73.77969
5082,14.551987
5083,0.0
5084,0.0
5085,0.0
5086,0.0
5087,0.0
5088,0.0
5089,0.0
5090,0.0
5091,0.0
5092,0.0
5093,8.478195
5094,30.56186
5095,114.022255
5096,232.89636
5097,369.49072
5098,462.7469
5099,506.8127
5100,497.58203
5101,490.42377
5102,434.145
5103,333.33466
5104,205.62135
5105,97.81559
5106,21.069977
5107,0.0
5108,0.0
5109,0.0
5110,0.0
5111,1.4587708
5112,1.5110474
5113,1.3781891
5114,1.4229126
5115,1.5345459
5116,0.98706055
5117,9.150833
5118,30.959229
5119,139.78134
5120,279.50458
5121,444.72952
5122,559.89386
5123,620.47217
5124,677.47504
5125,543.9135
5126,463.83423
5127,343.00653
5128,215.302
5129,89.79974
5130,16.919693
5131,0.0
5132,0.0
5133,0.0
5134,0.0
5135,1.0150757
5136,0.3937683
5137,0.0
5138,0.0
5139,0.0
5140,0.0
5141,6.7623596
5142,32.308395
5143,138.54193
5144,290.50122
5145,458.60828
5146,657.44556
5147,647.9003
5148,386.58392
5149,545.81055
5150,348.44684
5151,300.9574
5152,152.38611
5153,90.494995
5154,16.963837
5155,0.0
5156,0.0
5157,0.0
5158,0.7845459
5159,4.0148163
5160,2.1101837
5161,1.4603577
5162,0.5163574
5163,1.39328
5164,5.124176
5165,12.253174
5166,36.697357
5167,111.70341
5168,222.90718
5169,313.7591
5170,541.15125
5171,514.5399
5172,537.8734
5173,558.5993
5174,431.7959
5175,307.51672
5176,179.79138
5177,90.8728
5178,14.236465
5179,0.0
5180,0.0
5181,0.0
5182,0.0
5183,3.754181
5184,3.2783203
5185,3.086029
5186,1.0462799
5187,2.238922
5188,2.9940338
5189,10.06395
5190,33.90326
5191,150.64769
5192,344.44534
5193,527.04504
5194,703.35803
5195,812.18677
5196,790.06757
5197,816.44135
5198,614.1334
5199,580.72815
5200,339.89288
5201,169.59293
5202,25.947464
5203,0.0
5204,0.0
5205,0.44778442
5206,0.31062317
5207,0.0
5208,0.0
5209,0.0
5210,0.41726685
5211,0.3241272
5212,0.0
5213,3.1337585
5214,33.807022
5215,191.81511
5216,430.7138
5217,634.82605
5218,809.09247
5219,886.50476
5220,893.56683
5221,836.5885
5222,681.3043
5223,554.59863
5224,336.87064
5225,162.64758
5226,24.812912
5227,0.116363525
5228,0.028961182
5229,1.1148376
5230,0.45942688
5231,0.77827454
5232,0.008590698
5233,0.0
5234,0.5988159
5235,0.0
5236,0.0
5237,2.1921387
5238,35.983078
5239,193.857
5240,422.1974
5241,626.8769
5242,774.73364
5243,863.891
5244,896.2549
5245,804.3763
5246,743.1445
5247,565.28046
5248,338.3431
5249,166.82849
5250,22.641785
5251,0.0
5252,0.21260071
5253,1.8036346
5254,0.4295044
5255,1.4055176
5256,0.6334839
5257,0.3322296
5258,0.09059143
5259,0.0
5260,0.0
5261,3.378769
5262,36.49312
5263,203.26021
5264,438.8875
5265,639.8595
5266,782.07886
5267,861.8251
5268,861.09564
5269,810.3493
5270,627.2422
5271,485.74316
5272,277.56335
5273,128.5852
5274,19.535889
5275,1.3778992
5276,1.0205536
5277,1.4802551
5278,0.0
5279,0.8796997
5280,0.022232056
5281,0.0
5282,0.0
5283,0.0
5284,0.0
5285,2.664505
5286,36.756454
5287,148.1857
5288,309.34616
5289,478.4494
5290,730.0366
5291,880.7222
5292,789.0419
5293,599.41364
5294,486.68082
5295,318.78387
5296,214.04796
5297,93.901794
5298,16.99794
5299,0.32980347
5300,0.001159668
5301,0.60276794
5302,0.112335205
5303,2.8591156
5304,0.46095276
5305,0.0
5306,0.0
5307,0.0
5308,0.0
5309,4.9144135
5310,41.181366
5311,156.03317
5312,327.54544
5313,498.2318
5314,641.58057
5315,700.3114
5316,714.41144
5317,672.4248
5318,473.73663
5319,372.33823
5320,243.88393
5321,94.44423
5322,16.023087
5323,0.0
5324,0.0
5325,1.2892303
5326,1.6378479
5327,3.203476
5328,1.5852356
5329,0.42114258
5330,0.4794464
5331,0.36779785
5332,0.0
5333,4.657135
5334,39.92218
5335,200.00502
5336,438.92993
5337,644.3656
5338,812.7724
5339,910.08673
5340,933.62476
5341,892.3238
5342,755.0654
5343,569.2875
5344,369.84296
5345,179.0228
5346,22.72995
5347,0.0
5348,1.7919922
5349,1.8507843
5350,0.7744446
5351,1.2790833
5352,1.4441223
5353,0.68174744
5354,1.0721588
5355,0.14819336
5356,0.0
5357,3.2012787
5358,40.583496
5359,184.92014
5360,364.9397
5361,544.71423
5362,798.0558
5363,894.2343
5364,909.75555
5365,843.67236
5366,731.38153
5367,515.9679
5368,340.1974
5369,160.7257
5370,24.51564
5371,0.006591797
5372,2.615387
5373,2.5498962
5374,1.4004517
5375,2.3546753
5376,1.2327118
5377,0.39212036
5378,0.18965149
5379,0.0
5380,0.0
5381,1.3081512
5382,31.4514
5383,145.7439
5384,276.669
5385,450.08405
5386,611.2468
5387,748.74945
5388,738.7342
5389,640.073
5390,537.2943
5391,387.70813
5392,238.72096
5393,103.24371
5394,17.63594
5395,0.0
5396,0.8486023
5397,1.451767
5398,0.4277649
5399,1.9758759
5400,1.4347992
5401,0.33361816
5402,0.082855225
5403,0.0
5404,0.0
5405,2.9363098
5406,30.724045
5407,155.76021
5408,351.91333
5409,542.8625
5410,737.62427
5411,843.5798
5412,884.6759
5413,845.3689
5414,695.5696
5415,507.55392
5416,329.5395
5417,155.11711
5418,22.705154
5419,0.0
5420,0.8678894
5421,1.1907959
5422,0.12606812
5423,0.7493439
5424,0.65460205
5425,0.13748169
5426,0.31359863
5427,0.027404785
5428,0.0
5429,2.7865295
5430,35.26561
5431,204.27214
5432,424.90363
5433,616.8192
5434,768.108
5435,869.59955
5436,878.8848
5437,839.1453
5438,674.9265
5439,519.40234
5440,330.10934
5441,152.23431
5442,19.308167
5443,0.311203
5444,1.6212921
5445,1.6559753
5446,0.4805603
5447,1.2768707
5448,0.7870178
5449,0.20730591
5450,0.26989746
5451,0.0
5452,0.0
5453,1.0075836
5454,33.684006
5455,203.08287
5456,440.0791
5457,648.8251
5458,823.3551
5459,915.44257
5460,919.89703
5461,890.2135
5462,668.1797
5463,540.255
5464,318.05804
5465,147.23773
5466,17.846771
5467,1.2176819
5468,2.0615082
5469,1.9789276
5470,1.0688477
5471,1.7862396
5472,0.6638489
5473,0.26428223
5474,0.37919617
5475,0.0
5476,0.0
5477,2.1295013
5478,38.154037
5479,210.7038
5480,439.5953
5481,644.08997
5482,773.1897
5483,844.64575
5484,858.369
5485,822.44293
5486,693.54456
5487,507.5549
5488,294.3211
5489,127.693535
5490,13.7908325
5491,0.0
5492,2.070816
5493,1.9701691
5494,0.6027374
5495,1.8456116
5496,1.033783
5497,0.5900574
5498,0.22323608
5499,0.0
5500,0.0
5501,2.8782806
5502,40.968643
5503,148.51782
5504,292.879
5505,488.1518
5506,663.9303
5507,776.88416
5508,802.4931
5509,675.9379
5510,620.9242
5511,444.40668
5512,290.40082
5513,134.77133
5514,22.507233
5515,0.0
5516,0.28860474
5517,1.4152985
5518,0.6942749
5519,3.1407623
5520,1.9689941
5521,0.17022705
5522,0.0
5523,0.0
5524,0.0
5525,1.4525299
5526,27.259384
5527,164.58655
5528,367.70355
5529,562.3561
5530,702.08765
5531,771.0495
5532,786.5088
5533,807.8753
5534,633.4025
5535,473.56616
5536,283.28723
5537,124.02885
5538,18.246109
5539,0.0
5540,0.8368683
5541,0.7663727
5542,0.0
5543,0.96287537
5544,0.3703003
5545,0.0
5546,0.0
5547,0.0
5548,0.0
5549,1.0436096
5550,31.250427
5551,183.75076
5552,398.28687
5553,581.13025
5554,710.88477
5555,824.40106
5556,818.2673
5557,763.2332
5558,668.065
5559,493.49158
5560,322.6129
5561,135.56674
5562,17.487793
5563,0.0
5564,1.1306763
5565,1.7319031
5566,0.16804504
5567,0.6380005
5568,0.17843628
5569,0.0
5570,0.0
5571,0.0
5572,0.0
5573,0.5590668
5574,32.52072
5575,180.25569
5576,370.11063
5577,547.52246
5578,628.8068
5579,660.3041
5580,656.73206
5581,599.5194
5582,485.11877
5583,348.37634
5584,209.18668
5585,86.07907
5586,12.131561
5587,0.0
5588,0.0
5589,0.40034485
5590,0.0
5591,2.2024689
5592,1.5291748
5593,0.7284851
5594,0.55836487
5595,0.0
5596,0.0
5597,4.978943
5598,34.223694
5599,141.78159
5600,290.12152
5601,482.63654
5602,607.4691
5603,689.1282
5604,674.6408
5605,656.66425
5606,536.8999
5607,400.1575
5608,256.75027
5609,105.64992
5610,13.554398
5611,0.0
5612,0.0
5613,0.34654236
5614,0.5795746
5615,2.28302
5616,1.3320923
5617,0.29484558
5618,0.26138306
5619,0.0
5620,0.0
5621,1.0736237
5622,28.675232
5623,143.94302
5624,312.86908
5625,483.31512
5626,757.39923
5627,865.96606
5628,858.90875
5629,821.972
5630,690.0984
5631,513.4751
5632,332.33453
5633,148.03754
5634,17.320267
5635,0.0
5636,0.35681152
5637,0.7635956
5638,0.0
5639,0.0
5640,0.0
5641,0.0
5642,0.0
5643,0.0
5644,0.0
5645,0.0
5646,27.366943
5647,167.35933
5648,348.69153
5649,553.49927
5650,684.5135
5651,761.8601
5652,799.5523
5653,727.3611
5654,476.4015
5655,387.71234
5656,209.05101
5657,79.558075
5658,9.137695
5659,0.0
5660,0.095565796
5661,0.5088196
5662,0.0
5663,0.33963013
5664,0.0
5665,0.0
5666,0.0
5667,0.0
5668,0.0
5669,0.0
5670,31.667511
5671,141.32806
5672,283.6477
5673,457.62482
5674,589.5637
5675,600.61835
5676,678.6555
5677,678.86884
5678,625.422
5679,445.8344
5680,285.76068
5681,114.19752
5682,15.7465515
5683,0.0
5684,0.0
5685,0.65641785
5686,0.4118805
5687,2.3558197
5688,2.1874695
5689,0.9443054
5690,0.7733612
5691,0.0
5692,0.0
5693,0.0
5694,25.954361
5695,148.6438
5696,324.08057
5697,516.8218
5698,630.51245
5699,673.7352
5700,663.54126
5701,636.7019
5702,579.4165
5703,427.9928
5704,257.15756
5705,106.74836
5706,14.562149
5707,0.0
5708,0.0
5709,1.0758362
5710,0.90304565
5711,2.2698975
5712,1.4552917
5713,0.66493225
5714,0.6584015
5715,0.0
5716,0.0
5717,0.9107361
5718,27.24617
5719,175.4945
5720,383.4265
5721,574.4235
5722,746.567
5723,827.2873
5724,793.7741
5725,797.5265
5726,690.54224
5727,511.51028
5728,328.45825
5729,143.86829
5730,18.04596
5731,0.0
5732,0.29418945
5733,1.1275177
5734,0.47485352
5735,1.3386536
5736,0.3663025
5737,0.0
5738,0.31222534
5739,0.0
5740,0.0
5741,0.14942932
5742,27.054459
5743,181.42853
5744,399.87445
5745,619.87195
5746,753.89465
5747,820.4592
5748,837.4242
5749,850.08746
5750,699.48975
5751,448.77838
5752,302.8188
5753,127.764534
5754,18.54683
5755,0.0
5756,1.3963776
5757,0.8773804
5758,0.21871948
5759,1.4201965
5760,0.48101807
5761,0.0
5762,0.0
5763,0.0
5764,0.0
5765,0.9711914
5766,28.6167
5767,175.7028
5768,375.91183
5769,586.44116
5770,735.1029
5771,806.93787
5772,768.172
5773,759.67145
5774,617.7676
5775,378.23572
5776,227.2964
5777,79.37352
5778,12.437759
5779,0.37179565
5780,1.6676483
5781,1.1648102
5782,0.010848999
5783,1.253128
5784,0.89982605
5785,0.0
5786,0.0
5787,0.0
5788,0.0
5789,0.25350952
5790,32.153275
5791,172.73703
5792,354.43353
5793,547.27576
5794,649.0858
5795,594.7418
5796,573.9739
5797,584.2947
5798,441.2209
5799,336.2224
5800,204.43927
5801,82.89514
5802,10.486511
5803,0.0
5804,0.14909363
5805,1.5001526
5806,0.76264954
5807,0.88053894
5808,0.0
5809,0.093048096
5810,0.2367096
5811,1.601944
5812,0.0
5813,0.0
5814,30.038025
5815,178.797
5816,383.6116
5817,567.01697
5818,715.3031
5819,815.73883
5820,773.4719
5821,661.8941
5822,433.737
5823,346.13205
5824,194.2528
5825,72.42694
5826,7.313553
5827,0.0
5828,0.16253662
5829,0.9995575
5830,0.084106445
5831,1.1252136
5832,0.0
5833,0.0
5834,0.0
5835,0.0
5836,0.0
5837,0.0
5838,34.543747
5839,160.21046
5840,342.18304
5841,517.1648
5842,732.64984
5843,822.71106
5844,823.29626
5845,730.7102
5846,519.3797
5847,468.3051
5848,281.83252
5849,120.5914
5850,8.713455
5851,0.0
5852,0.24990845
5853,1.6248474
5854,1.5184631
5855,2.0270386
5856,0.18945312
5857,0.0
5858,0.0
5859,0.0
5860,0.0
5861,6.5306854
5862,39.817245
5863,190.26523
5864,443.2602
5865,636.475
5866,803.9742
5867,883.72986
5868,893.0381
5869,841.9128
5870,682.43805
5871,506.6138
5872,331.21756
5873,132.68411
5874,11.064377
5875,1.3047485
5876,2.074646
5877,1.888382
5878,1.1161804
5879,1.5237885
5880,0.075042725
5881,0.0
5882,0.39515686
5883,0.0
5884,0.0
5885,0.3267975
5886,34.6893
5887,123.66373
5888,223.34093
5889,416.19226
5890,559.74365
5891,642.62964
5892,634.8678
5893,526.07275
5894,540.6296
5895,418.61206
5896,247.34695
5897,96.19181
5898,10.444321
5899,0.0
5900,0.0
5901,1.6422882
5902,1.2306213
5903,2.6969147
5904,1.3482056
5905,0.6651764
5906,0.6009064
5907,0.0
5908,0.0
5909,0.0
5910,21.415482
5911,82.534546
5912,128.97964
5913,183.2728
5914,369.4408
5915,363.9661
5916,447.98837
5917,424.70477
5918,567.5648
5919,441.629
5920,268.28894
5921,109.47362
5922,13.492691
5923,0.0
5924,0.0
5925,1.6049957
5926,1.977066
5927,3.0497894
5928,1.7304993
5929,0.7426758
5930,0.7520294
5931,0.17852783
5932,0.0
5933,0.0
5934,8.955704
5935,119.81687
5936,343.097
5937,515.1356
5938,679.7345
5939,582.4199
5940,568.8766
5941,663.37463
5942,623.4306
5943,471.0502
5944,293.4573
5945,115.899826
5946,11.013702
5947,0.0
5948,0.0
5949,1.6295929
5950,1.104065
5951,1.846756
5952,0.0
5953,0.21760559
5954,1.5166321
5955,0.1999054
5956,0.0
5957,0.0
5958,22.550278
5959,195.28464
5960,433.5307
5961,639.8468
5962,785.43774
5963,822.4575
5964,835.8079
5965,724.7262
5966,555.53625
5967,368.66937
5968,222.38037
5969,79.33678
5970,7.708847
5971,0.6833801
5972,1.702713
5973,2.3100586
5974,1.6057129
5975,1.27742
5976,0.0
5977,0.117874146
5978,0.5648041
5979,0.0
5980,0.0
5981,0.17108154
5982,28.893738
5983,163.3745
5984,321.40643
5985,477.2736
5986,682.9673
5987,696.9846
5988,730.9838
5989,666.2175
5990,557.027
5991,379.43854
5992,218.38094
5993,72.67886
5994,3.6429749
5995,0.0
5996,0.8879547
5997,1.3480377
5998,0.49249268
5999,2.1148224
6000,1.0561218
6001,0.8104248
6002,0.0
6003,0.0
6004,0.0
6005,0.10411072
6006,27.141861
6007,145.98985
6008,299.02405
6009,486.144
6010,648.69324
6011,696.6089
6012,637.73083
6013,661.48346
6014,523.39496
6015,401.29486
6016,242.542
6017,94.653046
6018,5.64888
6019,0.0
6020,0.15324402
6021,1.1830292
6022,1.1818695
6023,1.2254028
6024,0.0
6025,0.2278595
6026,0.9845123
6027,0.0
6028,0.0
6029,0.0
6030,21.907806
6031,150.26045
6032,327.70477
6033,516.75354
6034,576.36127
6035,630.11566
6036,633.30054
6037,598.5056
6038,451.70874
6039,281.31696
6040,160.14752
6041,52.28981
6042,5.8105316
6043,0.0
6044,0.013916016
6045,0.57237244
6046,0.0
6047,0.0
6048,0.4143219
6049,0.64367676
6050,0.30116272
6051,0.0
6052,0.0
6053,0.35751343
6054,27.053833
6055,125.86958
6056,253.64575
6057,426.3628
6058,598.0123
6059,672.9957
6060,605.01306
6061,534.4877
6062,438.74384
6063,309.79916
6064,194.23737
6065,59.351746
6066,5.5423584
6067,0.0
6068,0.0
6069,1.6555939
6070,1.3047028
6071,2.1622772
6072,0.7295227
6073,0.33287048
6074,0.10165405
6075,0.0
6076,0.0
6077,0.535202
6078,26.083832
6079,162.01648
6080,372.0059
6081,561.5666
6082,707.3501
6083,752.86237
6084,587.1023
6085,515.8837
6086,492.86377
6087,367.3413
6088,225.88791
6089,72.27603
6090,4.3424225
6091,0.0
6092,0.054275513
6093,2.6158752
6094,1.2733765
6095,1.1019287
6096,0.0
6097,0.0
6098,0.42588806
6099,0.0
6100,0.0
6101,0.8122864
6102,27.320694
6103,136.07906
6104,263.53632
6105,432.42316
6106,561.7825
6107,531.05164
6108,521.8221
6109,496.2697
6110,449.84644
6111,269.9217
6112,139.89906
6113,56.618744
6114,5.0442505
6115,0.0
6116,0.0
6117,1.2057343
6118,0.47721863
6119,1.3111572
6120,0.70144653
6121,0.2671051
6122,0.0
6123,0.0
6124,0.0
6125,3.0020752
6126,25.364548
6127,123.60654
6128,249.69838
6129,414.30225
6130,638.3616
6131,729.4839
6132,742.7026
6133,751.2584
6134,622.03955
6135,448.51123
6136,266.53818
6137,93.53916
6138,5.0238037
6139,0.0
6140,0.0
6141,0.045715332
6142,0.0
6143,0.41996765
6144,0.0
6145,0.0
6146,0.0
6147,0.0
6148,0.0
6149,0.0
6150,21.062088
6151,111.41633
6152,260.03137
6153,423.26022
6154,563.8457
6155,484.57004
6156,520.0934
6157,649.9709
6158,605.8268
6159,414.7309
6160,234.15825
6161,80.889755
6162,5.6156006
6163,0.0
6164,0.0
6165,0.85289
6166,0.29214478
6167,1.1638031
6168,0.29196167
6169,0.48643494
6170,0.16014099
6171,0.0
6172,0.0
6173,0.0
6174,19.601746
6175,109.14023
6176,253.2004
6177,366.5013
6178,572.6682
6179,738.2068
6180,664.1449
6181,618.323
6182,550.2737
6183,432.70975
6184,271.4735
6185,109.70653
6186,10.209
6187,0.0
6188,0.0
6189,1.975769
6190,1.7663727
6191,2.9651947
6192,0.84284973
6193,0.0
6194,0.0
6195,0.0
6196,0.0
6197,0.0
6198,14.162308
6199,170.45012
6200,387.455
6201,579.5156
6202,730.0045
6203,764.51483
6204,728.44165
6205,672.9124
6206,588.63525
6207,418.46747
6208,242.57135
6209,84.49609
6210,5.485626
6211,0.0
6212,1.6959381
6213,2.63591
6214,1.1344147
6215,1.8317261
6216,0.0
6217,0.0
6218,0.0
6219,0.0
6220,0.0
6221,0.0
6222,23.736237
6223,142.99359
6224,338.85056
6225,532.0724
6226,731.51514
6227,801.58673
6228,845.26306
6229,817.3841
6230,584.35815
6231,493.2079
6232,273.42795
6233,104.49089
6234,2.3110046
6235,0.43952942
6236,0.91082764
6237,1.3548889
6238,2.4369354
6239,3.6243591
6240,0.3126831
6241,0.0
6242,0.0
6243,0.0
6244,0.0
6245,0.0
6246,24.155746
6247,172.55698
6248,327.82843
6249,500.52792
6250,553.96063
6251,605.7765
6252,635.4951
6253,600.9161
6254,517.7395
6255,386.87122
6256,215.02286
6257,64.54704
6258,3.3266602
6259,0.0
6260,0.6169739
6261,2.6160278
6262,2.7145844
6263,4.6815033
6264,2.327179
6265,1.3066406
6266,0.0024871826
6267,0.0
6268,0.0
6269,0.072631836
6270,26.497086
6271,152.64397
6272,321.1358
6273,483.86993
6274,539.3681
6275,596.16895
6276,634.3003
6277,377.93423
6278,220.46478
6279,107.381645
6280,70.688385
6281,23.122086
6282,6.2959595
6283,0.0
6284,1.4743805
6285,1.7935333
6286,1.1363678
6287,2.4076233
6288,1.3627014
6289,2.536026
6290,1.6858826
6291,0.0
6292,0.0
6293,7.0184937
6294,34.06848
6295,187.39438
6296,407.07318
6297,618.5802
6298,639.68713
6299,773.6462
6300,715.3498
6301,681.956
6302,615.93866
6303,466.53516
6304,288.62152
6305,92.33494
6306,1.5563507
6307,0.0
6308,0.58813477
6309,2.5753784
6310,1.5841827
6311,2.6468506
6312,2.0749817
6313,1.147522
6314,2.2399445
6315,1.1730804
6316,0.0
6317,1.4189453
6318,29.313599
6319,127.0451
6320,250.1552
6321,424.8596
6322,626.1448
6323,685.3038
6324,579.5509
6325,507.67892
6326,427.49435
6327,295.83884
6328,169.17653
6329,44.09221
6330,3.36911
6331,0.0
6332,0.8143921
6333,2.2406921
6334,1.2824402
6335,1.65271
6336,0.4317627
6337,0.6896515
6338,0.42926025
6339,0.0
6340,0.0
6341,0.28892517
6342,22.735245
6343,153.09236
6344,320.1186
6345,497.44705
6346,656.4386
6347,641.9295
6348,668.2085
6349,599.97375
6350,519.471
6351,376.4312
6352,208.23631
6353,62.759018
6354,3.7098389
6355,0.0
6356,0.64152527
6357,2.4424438
6358,1.6035309
6359,2.8651276
6360,0.8657379
6361,0.89172363
6362,0.46206665
6363,0.0
6364,0.0
6365,0.0
6366,23.24382
6367,127.19503
6368,266.0747
6369,446.6561
6370,668.6916
6371,664.03125
6372,650.6802
6373,555.84503
6374,437.30905
6375,178.0699
6376,100.57538
6377,25.824219
6378,1.8268585
6379,0.0
6380,1.0025787
6381,0.69929504
6382,0.0
6383,0.66474915
6384,0.7268524
6385,1.6651764
6386,1.8994293
6387,1.1039581
6388,0.0
6389,2.72995
6390,32.748734
6391,161.04146
6392,352.76056
6393,533.6894
6394,707.6952
6395,772.8079
6396,803.07135
6397,742.31323
6398,608.4343
6399,435.08438
6400,245.61636
6401,71.011246
6402,2.2350922
6403,0.0
6404,0.5097656
6405,0.8251343
6406,0.0
6407,0.50135803
6408,0.0
6409,0.4597168
6410,0.6790924
6411,0.0
6412,0.0
6413,0.0
6414,29.550995
6415,123.30656
6416,187.26715
6417,306.06934
6418,392.98154
6419,433.93518
6420,398.5045
6421,408.2054
6422,373.80212
6423,206.73132
6424,119.40218
6425,38.626816
6426,4.5642395
6427,0.0
6428,0.0
6429,1.1669922
6430,0.0
6431,0.60188293
6432,0.87950134
6433,0.26039124
6434,0.0
6435,0.0
6436,0.0
6437,0.9700775
6438,24.43753
6439,143.48569
6440,297.7719
6441,446.03522
6442,629.72974
6443,721.84064
6444,700.4402
6445,639.46704
6446,518.0976
6447,357.42725
6448,200.03249
6449,59.453156
6450,4.3015594
6451,0.0
6452,0.060531616
6453,1.8540802
6454,1.897232
6455,4.057144
6456,2.0247955
6457,1.6539917
6458,0.93281555
6459,0.0
6460,0.0
6461,0.0
6462,18.775345
6463,162.41064
6464,363.64874
6465,557.01306
6466,655.79584
6467,801.67377
6468,826.29553
6469,765.97107
6470,568.7141
6471,375.95795
6472,194.07083
6473,57.50647
6474,2.190689
6475,0.0
6476,0.0
6477,0.10946655
6478,0.0
6479,1.0145264
6480,0.0
6481,0.072631836
6482,0.3988037
6483,0.47047424
6484,0.0
6485,0.0
6486,29.0224
6487,194.1402
6488,401.22037
6489,594.1606
6490,674.574
6491,719.7552
6492,763.275
6493,692.1493
6494,585.63257
6495,395.2171
6496,203.35117
6497,53.558014
6498,1.415802
6499,0.0
6500,0.70184326
6501,1.690445
6502,0.383667
6503,1.5131378
6504,1.1838989
6505,1.8369904
6506,0.0
6507,0.0
6508,0.0
6509,0.0
6510,30.519592
6511,176.06433
6512,375.4142
6513,565.5708
6514,708.7047
6515,794.0862
6516,769.6808
6517,729.09375
6518,560.59143
6519,390.9183
6520,245.64467
6521,82.230774
6522,1.6959076
6523,0.0
6524,0.62397766
6525,1.4533386
6526,1.7106323
6527,3.1333008
6528,1.0548248
6529,1.1616974
6530,4.052185
6531,0.0
6532,0.0
6533,0.34565735
6534,26.38533
6535,193.37045
6536,420.31403
6537,624.0746
6538,741.3653
6539,837.3051
6540,864.2008
6541,799.18524
6542,673.66345
6543,494.94992
6544,274.33502
6545,84.78967
6546,0.0
6547,0.5414734
6548,1.2602234
6549,1.6274414
6550,0.6735077
6551,2.0101166
6552,0.75961304
6553,0.94641113
6554,1.4557953
6555,0.66163635
6556,0.46115112
6557,0.0
6558,24.27539
6559,206.40578
6560,447.417
6561,633.8149
6562,767.35913
6563,855.6209
6564,871.37024
6565,802.47473
6566,653.44666
6567,452.83997
6568,249.41383
6569,73.19606
6570,1.0117035
6571,1.4932861
6572,2.1513672
6573,1.9413452
6574,0.9587555
6575,2.4405212
6576,0.85876465
6577,1.4599152
6578,1.2721252
6579,1.2948761
6580,0.47555542
6581,0.0
6582,27.59552
6583,181.64597
6584,380.4796
6585,568.0214
6586,683.7921
6587,715.042
6588,732.1802
6589,691.8754
6590,562.6252
6591,353.22412
6592,189.57532
6593,48.10115
6594,0.3397827
6595,0.0
6596,1.4602509
6597,1.4953461
6598,0.6421356
6599,1.802002
6600,0.70558167
6601,1.0274658
6602,0.9086914
6603,1.098526
6604,0.0
6605,0.0
6606,22.593933
6607,141.94011
6608,271.2037
6609,462.84387
6610,567.7395
6611,688.1531
6612,665.2768
6613,612.52527
6614,457.88898
6615,332.34717
6616,159.20041
6617,52.048767
6618,0.0
6619,0.0
6620,0.6800842
6621,1.7501831
6622,0.9784088
6623,2.147461
6624,0.8315277
6625,1.0093994
6626,1.3625336
6627,0.45185852
6628,0.0
6629,0.0
6630,24.230225
6631,100.642815
6632,144.7919
6633,194.31947
6634,371.83777
6635,395.13327
6636,550.9703
6637,586.60547
6638,451.4451
6639,366.30963
6640,260.42035
6641,72.77362
6642,0.0
6643,0.0
6644,0.0
6645,1.3470154
6646,2.8878937
6647,4.173767
6648,1.0626984
6649,0.31785583
6650,0.0
6651,0.0
6652,0.0
6653,0.0
6654,8.153259
6655,77.7475
6656,119.97081
6657,167.62424
6658,332.40588
6659,500.35025
6660,664.7257
6661,682.1683
6662,566.7859
6663,415.30896
6664,246.56078
6665,79.91751
6666,0.9821472
6667,0.0
6668,0.0
6669,0.1184082
6670,0.43797302
6671,1.0742188
6672,0.0
6673,0.0
6674,1.4420319
6675,0.0
6676,0.0
6677,0.0
6678,11.143723
6679,167.17062
6680,404.47708
6681,621.5884
6682,724.4409
6683,817.51044
6684,862.62915
6685,771.30225
6686,640.60474
6687,427.28137
6688,239.01508
6689,64.58226
6690,0.8220825
6691,1.1674042
6692,1.4168091
6693,1.6757355
6694,0.14009094
6695,0.52111816
6696,0.0
6697,2.683838
6698,0.9049072
6699,0.0
6700,0.0
6701,0.0
6702,17.016205
6703,182.77487
6704,383.79828
6705,581.3638
6706,729.49866
6707,785.1184
6708,746.0513
6709,649.44556
6710,538.2201
6711,414.75623
6712,226.54926
6713,59.80742
6714,0.0
6715,0.29356384
6716,0.93740845
6717,2.057251
6718,1.0707855
6719,1.6766815
6720,0.0
6721,0.6639099
6722,1.0831757
6723,0.80075073
6724,0.0
6725,0.0
6726,17.467209
6727,191.58429
6728,426.42767
6729,613.32275
6730,751.44946
6731,791.87604
6732,810.2766
6733,741.92474
6734,615.79675
6735,442.93295
6736,246.5776
6737,64.6526
6738,0.0
6739,0.2550354
6740,0.91407776
6741,1.0661621
6742,0.6146393
6743,1.4820862
6744,0.0
6745,0.87524414
6746,1.7793579
6747,1.5533142
6748,0.0
6749,0.0
6750,18.605576
6751,178.73367
6752,341.30292
6753,531.27783
6754,664.79016
6755,719.1011
6756,704.9626
6757,620.438
6758,525.00336
6759,345.90283
6760,181.94626
6761,42.212006
6762,0.0
6763,0.0
6764,0.73184204
6765,0.8002777
6766,0.22987366
6767,1.1856232
6768,0.17410278
6769,1.2535553
6770,1.3645935
6771,1.1078644
6772,0.0
6773,0.0
6774,19.859436
6775,104.37442
6776,199.13354
6777,373.26202
6778,411.78894
6779,504.34238
6780,595.0895
6781,658.5719
6782,504.3601
6783,339.557
6784,148.75357
6785,38.303253
6786,0.0
6787,0.0
6788,0.36541748
6789,0.4600067
6790,0.6101074
6791,1.6732483
6792,1.2443085
6793,1.7913666
6794,0.53590393
6795,0.0
6796,0.0
6797,0.0
6798,20.87004
6799,155.48923
6800,377.6463
6801,584.71497
6802,744.47565
6803,798.4443
6804,763.7642
6805,626.0721
6806,533.81445
6807,296.59247
6808,176.58676
6809,35.654037
6810,1.1196442
6811,0.115249634
6812,1.3273926
6813,1.7791138
6814,0.6376343
6815,0.8994293
6816,0.0
6817,0.76493835
6818,0.32048035
6819,0.91656494
6820,0.0
6821,0.0
6822,27.14682
6823,167.04382
6824,345.64523
6825,515.87573
6826,594.8521
6827,731.562
6828,743.995
6829,710.5189
6830,505.1012
6831,393.32507
6832,201.20082
6833,49.08989
6834,0.0
6835,0.0
6836,0.2627716
6837,1.1760864
6838,1.9436646
6839,2.9467926
6840,0.6664734
6841,0.3488922
6842,0.0
6843,0.0
6844,0.0
6845,0.0
6846,22.663895
6847,137.91013
6848,278.8304
6849,378.03748
6850,520.7999
6851,578.6411
6852,589.323
6853,566.92163
6854,484.6477
6855,328.4574
6856,175.29672
6857,42.812714
6858,0.0
6859,0.0
6860,0.0
6861,1.1474304
6862,1.3786621
6863,2.3739014
6864,0.8717499
6865,1.0438232
6866,0.072525024
6867,0.0
6868,0.0
6869,0.0
6870,15.852783
6871,175.91833
6872,409.07404
6873,607.95056
6874,729.2976
6875,699.4042
6876,731.7128
6877,640.912
6878,450.91013
6879,268.85556
6880,78.38101
6881,23.174881
6882,0.0
6883,0.0
6884,1.2228241
6885,0.13017273
6886,0.0
6887,0.0
6888,0.6399994
6889,1.3955688
6890,1.6047821
6891,0.2291565
6892,0.0
6893,0.0
6894,38.61606
6895,200.28033
6896,446.7761
6897,647.74536
6898,791.288
6899,761.10016
6900,774.50397
6901,690.6521
6902,567.47546
6903,339.9472
6904,167.37625
6905,32.905685
6906,0.0
6907,0.0
6908,1.3312988
6909,0.8606415
6910,0.0
6911,0.92948914
6912,0.0
6913,1.3003693
6914,1.9052429
6915,0.0
6916,0.0
6917,0.65856934
6918,38.692276
6919,202.60693
6920,435.1732
6921,636.35815
6922,781.5126
6923,835.5651
6924,818.6845
6925,675.19366
6926,603.02576
6927,393.87723
6928,206.26128
6929,36.419815
6930,0.0
6931,0.0
6932,0.612442
6933,2.0081635
6934,1.1897888
6935,2.0660553
6936,0.0
6937,0.38945007
6938,1.2604523
6939,0.0
6940,0.0
6941,0.0
6942,26.321503
6943,170.83054
6944,302.3747
6945,454.81165
6946,565.75226
6947,689.04663
6948,631.3164
6949,271.31696
6950,133.94667
6951,127.61405
6952,98.7386
6953,24.104446
6954,1.6357117
6955,0.0
6956,0.0
6957,0.054138184
6958,2.2146606
6959,2.6648254
6960,1.7815094
6961,4.302292
6962,3.6259918
6963,1.4652405
6964,0.0
6965,3.5557861
6966,24.765137
6967,169.33554
6968,371.7221
6969,545.5801
6970,687.8768
6971,763.44995
6972,769.92804
6973,719.4448
6974,605.9493
6975,413.93414
6976,221.22914
6977,45.186493
6978,0.0
6979,0.0
6980,0.5805359
6981,0.5203705
6982,0.025100708
6983,1.9433441
6984,0.9285126
6985,1.3300476
6986,1.1537323
6987,0.7980957
6988,0.0
6989,0.0
6990,29.63327
6991,124.74028
6992,280.44037
6993,434.9676
6994,642.69995
6995,718.0342
6996,745.28705
6997,590.5116
6998,402.58167
6999,236.4678
7000,46.3981
7001,13.986832
7002,0.0
7003,0.47131348
7004,1.1970215
7005,0.13450623
7006,0.0
7007,0.0
7008,2.4729767
7009,2.9912872
7010,4.6885376
7011,3.8714905
7012,0.7993927
7013,0.72602844
7014,36.63977
7015,160.55867
7016,319.34348
7017,502.41873
7018,642.703
7019,701.5427
7020,690.6499
7021,588.01685
7022,449.54446
7023,321.6136
7024,157.72318
7025,27.977173
7026,0.0
7027,0.18084717
7028,1.4769287
7029,1.9414215
7030,1.372818
7031,2.2104187
7032,1.0471191
7033,2.2217712
7034,2.8301086
7035,2.8293457
7036,1.01297
7037,0.0
7038,22.248627
7039,111.83401
7040,201.26605
7041,337.99115
7042,504.67212
7043,615.4258
7044,613.1866
7045,631.2484
7046,461.07974
7047,276.83057
7048,119.19832
7049,28.567474
7050,0.0
7051,0.0
7052,0.6929321
7053,0.5204315
7054,0.0
7055,0.9734497
7056,1.7320404
7057,2.499115
7058,3.0269165
7059,3.3765717
7060,0.7641754
7061,0.0
7062,26.891571
7063,153.80705
7064,341.2727
7065,519.7008
7066,697.76294
7067,708.8439
7068,681.5861
7069,636.141
7070,510.78622
7071,354.14005
7072,182.37167
7073,37.034714
7074,0.0
7075,0.0
7076,0.48394775
7077,1.4813843
7078,1.5305481
7079,2.2084503
7080,0.0675354
7081,1.5430145
7082,1.78862
7083,0.41027832
7084,0.0
7085,0.0
7086,28.045563
7087,172.44286
7088,359.92883
7089,551.6688
7090,695.00977
7091,806.42175
7092,753.51044
7093,735.8632
7094,534.36566
7095,335.3529
7096,158.3515
7097,39.226334
7098,0.0
7099,0.0
7100,0.42321777
7101,0.28981018
7102,0.105529785
7103,1.6090698
7104,0.2793274
7105,0.7963562
7106,0.8896637
7107,1.5197144
7108,0.19699097
7109,0.0
7110,25.672821
7111,148.10977
7112,319.37106
7113,473.32086
7114,684.25745
7115,714.3146
7116,714.20593
7117,628.6128
7118,520.2302
7119,381.29434
7120,188.53249
7121,38.749237
7122,0.0
7123,0.0
7124,0.0054016113
7125,1.6467133
7126,1.8276062
7127,1.9754944
7128,0.0
7129,0.47846985
7130,0.6429291
7131,0.8251648
7132,0.0
7133,0.0
7134,28.308807
7135,197.66113
7136,391.8075
7137,593.8662
7138,736.36456
7139,804.3708
7140,805.31287
7141,753.9637
7142,632.73114
7143,414.02338
7144,212.7082
7145,45.411438
7146,0.0
7147,0.0
7148,0.0
7149,0.98220825
7150,0.97491455
7151,1.5074768
7152,0.0
7153,0.17401123
7154,4.359619
7155,0.0
7156,0.0
7157,0.0
7158,16.288483
7159,166.2686
7160,353.45325
7161,539.334
7162,640.9447
7163,726.26514
7164,736.6497
7165,736.5896
7166,567.7551
7167,398.92825
7168,209.14848
7169,42.643784
7170,0.0
7171,0.0
7172,0.1846466
7173,0.2485199
7174,2.254654
7175,4.5876923
7176,0.0
7177,0.9241333
7178,1.0984039
7179,0.61338806
7180,0.0
7181,0.7702942
7182,21.407104
7183,170.43634
7184,380.57922
7185,560.89465
7186,731.3508
7187,814.24084
7188,810.7131
7189,752.4747
7190,606.1118
7191,419.39615
7192,199.82382
7193,39.06508
7194,0.0
7195,1.2147827
7196,1.6309814
7197,1.8728485
7198,1.2177277
7199,2.5117645
7200,1.998291
7201,3.5048828
7202,3.2324371
7203,2.9798126
7204,0.71336365
7205,0.0
7206,21.201324
7207,171.78145
7208,347.82733
7209,518.6841
7210,633.891
7211,731.1856
7212,759.4815
7213,642.24774
7214,463.03256
7215,247.92734
7216,111.62122
7217,22.79396
7218,0.0
7219,0.0024871826
7220,0.9767456
7221,1.5984802
7222,1.6221161
7223,3.5877075
7224,1.7624054
7225,1.0055695
7226,0.48054504
7227,0.8736725
7228,0.0
7229,0.0
7230,30.35086
7231,115.21691
7232,193.73734
7233,313.06082
7234,524.9592
7235,643.4498
7236,648.9233
7237,594.3878
7238,511.46704
7239,360.35217
7240,206.91429
7241,34.416626
7242,0.0
7243,0.0
7244,0.0
7245,1.5971527
7246,2.2417297
7247,2.908081
7248,1.2948151
7249,1.0963135
7250,0.24621582
7251,0.0
7252,0.0
7253,0.0
7254,15.276001
7255,173.40533
7256,395.9363
7257,597.314
7258,663.9806
7259,748.4311
7260,755.5097
7261,622.6627
7262,485.06424
7263,337.67004
7264,196.8794
7265,36.559692
7266,0.0
7267,0.0
7268,0.23954773
7269,2.4521484
7270,3.249466
7271,4.0270844
7272,0.412323
7273,0.8844452
7274,0.907959
7275,0.0
7276,0.0
7277,0.0
7278,23.975143
7279,164.65173
7280,316.8553
7281,487.17108
7282,712.0129
7283,786.8013
7284,792.1976
7285,682.93567
7286,477.79678
7287,345.86032
7288,156.20372
7289,34.56021
7290,0.0
7291,0.0
7292,0.0
7293,0.9771881
7294,1.2648315
7295,2.6600647
7296,0.33369446
7297,1.4651337
7298,3.2790375
7299,0.0
7300,0.0
7301,0.0
7302,27.28534
7303,194.20296
7304,394.12524
7305,592.2064
7306,734.4916
7307,797.7493
7308,793.4991
7309,690.2598
7310,547.31415
7311,361.36182
7312,181.9061
7313,33.54625
7314,0.0
7315,0.0
7316,0.82881165
7317,1.9235992
7318,1.6916351
7319,2.6388855
7320,0.541626
7321,0.6394348
7322,2.2736359
7323,0.0
7324,0.0
7325,0.0
7326,25.38295
7327,181.56839
7328,441.1845
7329,613.9275
7330,747.9814
7331,836.20435
7332,832.7273
7333,721.3434
7334,536.1085
7335,372.47467
7336,159.47955
7337,29.389236
7338,0.0
7339,1.1745911
7340,1.4914246
7341,1.5153809
7342,0.95158386
7343,1.8912048
7344,0.8677826
7345,1.5515289
7346,1.8050079
7347,1.124649
7348,0.49194336
7349,0.0
7350,26.5168
7351,168.7966
7352,352.6838
7353,543.9188
7354,691.2346
7355,771.1737
7356,799.6205
7357,717.34644
7358,564.8601
7359,376.92505
7360,207.81265
7361,32.087906
7362,0.0
7363,1.7681427
7364,1.6212769
7365,1.4739532
7366,1.1205292
7367,2.3884735
7368,1.2824249
7369,2.36615
7370,2.251358
7371,3.809784
7372,2.4261475
7373,0.0
7374,17.283768
7375,162.83438
7376,351.991
7377,568.6067
7378,757.93994
7379,836.7205
7380,845.2823
7381,764.5326
7382,584.6257
7383,398.02573
7384,181.78198
7385,25.504944
7386,0.0
7387,1.7515259
7388,1.4737091
7389,1.5980225
7390,0.9820709
7391,0.99028015
7392,0.0
7393,0.1490326
7394,1.180069
7395,2.6099396
7396,0.6865692
7397,0.0
7398,19.57016
7399,153.05597
7400,299.28683
7401,467.0697
7402,664.46576
7403,762.9254
7404,723.6061
7405,590.74146
7406,432.12842
7407,253.20947
7408,120.792595
7409,19.81041
7410,0.0
7411,1.4574432
7412,1.672226
7413,1.6278992
7414,0.44429016
7415,1.6462402
7416,1.9173584
7417,3.1254272
7418,3.9585114
7419,4.964691
7420,1.8590698
7421,0.0
7422,25.025421
7423,136.35559
7424,246.0493
7425,417.28043
7426,497.04745
7427,568.08057
7428,596.6843
7429,622.9778
7430,385.64746
7431,252.90176
7432,121.11426
7433,22.39293
7434,0.0
7435,0.0
7436,0.9614563
7437,1.0576172
7438,1.4017792
7439,2.811325
7440,2.2797241
7441,2.1715546
7442,2.0050812
7443,1.7497253
7444,0.0
7445,0.0
7446,24.597061
7447,111.7046
7448,205.75217
7449,335.04092
7450,466.74484
7451,428.99594
7452,423.1935
7453,396.49164
7454,308.98474
7455,221.13774
7456,123.1554
7457,25.55365
7458,0.0
7459,0.0
7460,0.0
7461,0.8834381
7462,0.12602234
7463,1.7763367
7464,1.8637695
7465,2.472992
7466,1.5515442
7467,0.3870697
7468,0.0
7469,0.0
7470,18.5186
7471,128.69437
7472,284.35382
7473,425.89978
7474,524.82996
7475,473.164
7476,492.61685
7477,595.8402
7478,467.18417
7479,313.71777
7480,129.37222
7481,25.194427
7482,0.0
7483,0.0
7484,0.24098206
7485,1.2227173
7486,0.61579895
7487,1.0129395
7488,1.1935883
7489,2.0931854
7490,1.8922577
7491,2.1845703
7492,1.2651062
7493,0.0
7494,19.494873
7495,125.49713
7496,249.82922
7497,417.80823
7498,569.3977
7499,662.7549
7500,723.95044
7501,655.3037
7502,508.49094
7503,322.4304
7504,151.49239
7505,26.462463
7506,0.0
7507,0.0
7508,0.2727356
7509,1.2005463
7510,1.0290833
7511,1.5685425
7512,1.0719452
7513,1.5125885
7514,1.7203827
7515,2.598648
7516,1.068161
7517,0.0
7518,19.439438
7519,183.01538
7520,397.31622
7521,592.9282
7522,754.579
7523,834.16547
7524,826.66974
7525,715.73517
7526,574.17395
7527,391.36462
7528,198.71951
7529,32.420197
7530,0.0
7531,0.78486633
7532,0.7995758
7533,1.7317505
7534,0.0
7535,0.0
7536,0.0
7537,1.2068329
7538,1.7871094
7539,2.1807861
7540,2.3283844
7541,0.0
7542,17.804367
7543,183.34258
7544,382.43945
7545,585.0693
7546,723.66614
7547,811.184
7548,812.5878
7549,731.8859
7550,595.401
7551,407.26202
7552,206.48897
7553,28.412338
7554,0.0
7555,0.9141083
7556,0.6412964
7557,1.0666962
7558,0.1481018
7559,0.07885742
7560,0.0
7561,0.30378723
7562,1.6272736
7563,0.7813873
7564,0.17266846
7565,0.0
7566,27.192093
7567,194.65509
7568,392.67554
7569,593.30884
7570,749.0676
7571,843.3719
7572,846.1219
7573,778.78326
7574,629.92017
7575,429.51
7576,213.80528
7577,35.426804
7578,0.0
7579,1.8950653
7580,1.6454468
7581,1.0546875
7582,0.49897766
7583,1.6011505
7584,0.0
7585,0.9229889
7586,3.1428528
7587,0.6830597
7588,1.4314728
7589,0.0
7590,20.415329
7591,181.70651
7592,392.58505
7593,590.42163
7594,766.36
7595,841.59503
7596,825.147
7597,711.6959
7598,557.0571
7599,381.88702
7600,176.85193
7601,29.894638
7602,0.0
7603,1.2166595
7604,1.2476959
7605,1.7972107
7606,0.85749817
7607,1.0184631
7608,0.9422455
7609,1.3889618
7610,0.5950012
7611,2.549408
7612,1.9529266
7613,0.0
7614,35.24565
7615,198.08177
7616,380.80554
7617,583.8799
7618,737.42834
7619,814.10956
7620,807.65497
7621,710.7205
7622,554.63184
7623,385.96817
7624,182.34265
7625,31.44101
7626,0.0
7627,0.0
7628,0.9013214
7629,1.4913483
7630,1.185669
7631,2.5752716
7632,0.66482544
7633,1.1768799
7634,1.6101379
7635,2.9959412
7636,1.0622711
7637,0.0
7638,25.540802
7639,182.13661
7640,377.07974
7641,562.22046
7642,700.00977
7643,656.80066
7644,566.7097
7645,511.7044
7646,399.22202
7647,316.4046
7648,149.72696
7649,25.367325
7650,0.0
7651,0.0
7652,0.89704895
7653,2.2910767
7654,1.883667
7655,2.364212
7656,1.3046417
7657,1.9980774
7658,1.7928772
7659,1.0151672
7660,0.0
7661,0.0
7662,24.300735
7663,117.59715
7664,194.53772
7665,301.51727
7666,416.64868
7667,428.51443
7668,408.05988
7669,457.78885
7670,405.93277
7671,225.23924
7672,106.02856
7673,23.348053
7674,0.0
7675,0.0
7676,0.96144104
7677,2.3118591
7678,1.5092926
7679,2.09581
7680,1.7824707
7681,1.8101807
7682,3.0554504
7683,0.0
7684,0.0
7685,0.0
7686,23.135742
7687,156.30241
7688,357.05536
7689,538.05273
7690,708.0826
7691,796.5952
7692,812.6937
7693,732.0992
7694,576.7317
7695,369.0157
7696,176.64233
7697,27.720901
7698,0.0
7699,0.0
7700,0.071121216
7701,1.0125885
7702,0.927948
7703,1.5388794
7704,0.0
7705,0.64849854
7706,1.2286987
7707,1.3860016
7708,0.55444336
7709,0.0
7710,26.237244
7711,155.43346
7712,317.07962
7713,482.63333
7714,611.27905
7715,651.1848
7716,632.38574
7717,556.13684
7718,388.5876
7719,253.32234
7720,117.29837
7721,18.290329
7722,0.0
7723,0.0
7724,1.4985046
7725,2.657608
7726,2.2528687
7727,2.8460999
7728,2.3545227
7729,2.703537
7730,2.4683228
7731,2.3155823
7732,0.0
7733,0.0
7734,25.845795
7735,157.94225
7736,350.7472
7737,540.35376
7738,680.12054
7739,754.3479
7740,772.5529
7741,688.0913
7742,557.0937
7743,377.47723
7744,191.172
7745,32.95726
7746,0.0
7747,1.4060516
7748,1.2944489
7749,1.9274292
7750,1.1038666
7751,1.4079437
7752,0.06906128
7753,1.5080261
7754,1.2465057
7755,0.0
7756,0.0
7757,0.0
7758,23.422394
7759,172.12009
7760,384.9566
7761,585.7606
7762,747.98755
7763,830.70197
7764,823.68634
7765,725.7002
7766,585.4725
7767,392.29086
7768,175.5729
7769,26.718918
7770,0.0
7771,1.3825226
7772,1.3726807
7773,1.5515747
7774,0.2520752
7775,0.0
7776,0.0
7777,0.549057
7778,1.0745087
7779,3.731659
7780,3.9934845
7781,0.0
7782,28.452866
7783,165.10927
7784,361.59137
7785,561.4252
7786,706.0563
7787,759.75134
7788,739.29315
7789,668.19226
7790,532.7079
7791,344.19006
7792,171.01701
7793,25.276901
7794,0.0
7795,1.7323608
7796,1.6919861
7797,1.712326
7798,0.6281891
7799,0.73342896
7800,1.2869873
7801,2.9580383
7802,3.038147
7803,4.622757
7804,3.7200012
7805,0.0
7806,18.537643
7807,153.23041
7808,356.46997
7809,556.22766
7810,690.62
7811,723.9086
7812,715.16016
7813,642.1714
7814,479.25946
7815,334.85156
7816,163.8527
7817,22.076889
7818,0.0
7819,0.0
7820,0.9873352
7821,1.7496643
7822,1.5280304
7823,2.4874573
7824,1.3430939
7825,2.8342438
7826,2.493515
7827,1.2198334
7828,0.3171997
7829,0.0
7830,22.039734
7831,148.51358
7832,344.71722
7833,518.72473
7834,631.5677
7835,728.8479
7836,737.6762
7837,669.71484
7838,541.63367
7839,377.22256
7840,185.98634
7841,27.811737
7842,0.0
7843,1.6869354
7844,1.6825256
7845,1.679657
7846,1.0834961
7847,1.9269257
7848,1.4553986
7849,2.4894714
7850,2.5943298
7851,3.81604
7852,3.311615
7853,0.0
7854,18.31607
7855,135.43994
7856,304.5876
7857,487.6901
7858,647.3696
7859,699.34326
7860,707.6107
7861,651.9437
7862,543.5019
7863,352.88184
7864,170.48987
7865,26.327988
7866,0.0
7867,1.1845703
7868,1.4535217
7869,1.3884125
7870,0.65304565
7871,1.4263
7872,1.5341339
7873,2.5223236
7874,2.6062622
7875,4.603546
7876,2.655182
7877,0.0
7878,19.724228
7879,137.36116
7880,314.89526
7881,513.24414
7882,637.34406
7883,704.56604
7884,700.8909
7885,629.8666
7886,530.5217
7887,344.987
7888,165.36465
7889,19.742996
7890,0.0
7891,0.9673157
7892,1.3243561
7893,1.9495697
7894,1.2797394
7895,1.6836853
7896,1.5469818
7897,2.6988373
7898,2.4983826
7899,4.454666
7900,2.7647705
7901,0.0
7902,18.730377
7903,130.50171
7904,312.27588
7905,509.21744
7906,624.95483
7907,699.4847
7908,706.7001
7909,624.66504
7910,492.94806
7911,320.37256
7912,152.22137
7913,20.080185
7914,0.0
7915,0.62016296
7916,1.0717773
7917,1.6403656
7918,1.0105286
7919,1.5730286
7920,1.8591614
7921,3.0797882
7922,3.0885468
7923,4.7551117
7924,2.975769
7925,0.0
7926,20.236053
7927,139.34799
7928,364.6634
7929,566.7634
7930,715.44495
7931,788.4732
7932,769.24927
7933,714.2085
7934,544.5368
7935,359.55765
7936,173.612
7937,25.819122
7938,0.0
7939,1.1094818
7940,1.4268646
7941,1.2998047
7942,0.8181
7943,1.6268463
7944,1.2272491
7945,2.2262268
7946,2.200409
7947,3.9100342
7948,3.0684357
7949,0.0
7950,21.936874
7951,144.3143
7952,363.74048
7953,563.93384
7954,712.38025
7955,758.18713
7956,729.059
7957,629.43445
7958,541.7123
7959,386.9881
7960,202.40143
7961,34.922913
7962,0.0
7963,1.7355499
7964,1.9697113
7965,2.6517334
7966,1.4076691
7967,1.4980774
7968,0.76220703
7969,2.8201141
7970,3.292984
7971,4.205948
7972,4.0178833
7973,0.0
7974,17.384064
7975,145.30598
7976,372.04767
7977,583.73724
7978,732.1955
7979,798.60736
7980,801.5615
7981,746.5657
7982,594.18097
7983,387.9303
7984,185.74626
7985,26.77089
7986,0.0
7987,2.3024597
7988,1.9164124
7989,1.6556549
7990,0.4028778
7991,0.35021973
7992,0.8683777
7993,2.8138275
7994,3.6761932
7995,6.477524
7996,5.7726593
7997,0.80758667
7998,15.514954
7999,126.1369
8000,290.12448
8001,458.1474
8002,593.03937
8003,739.99023
8004,810.99744
8005,750.2129
8006,623.0023
8007,423.3131
8008,202.43663
8009,33.768524
8010,0.0
8011,1.0310516
8012,0.61416626
8013,0.6624756
8014,0.5837555
8015,0.60980225
8016,0.0
8017,0.2504425
8018,0.0
8019,0.0
8020,0.0
8021,0.0
8022,19.695312
8023,160.90149
8024,387.1161
8025,591.43066
8026,755.41974
8027,834.2289
8028,841.4333
8029,779.3629
8030,637.7152
8031,437.49988
8032,232.60764
8033,48.40738
8034,0.0
8035,1.2543793
8036,1.6471252
8037,1.3244324
8038,0.05116272
8039,0.0
8040,0.0
8041,0.0
8042,0.0
8043,0.0
8044,0.0
8045,0.0
8046,20.07721
8047,155.56494
8048,394.4131
8049,594.73047
8050,752.19006
8051,836.8245
8052,841.03925
8053,772.9787
8054,633.2092
8055,439.02155
8056,215.94684
8057,39.301193
8058,0.0
8059,3.3026276
8060,2.626831
8061,1.3940735
8062,0.40231323
8063,0.822937
8064,0.3998108
8065,0.73490906
8066,1.2753296
8067,1.9340363
8068,1.1408691
8069,0.0
8070,13.9301605
8071,136.83849
8072,367.60678
8073,584.06256
8074,742.19965
8075,825.02655
8076,832.2512
8077,763.19135
8078,619.064
8079,436.15613
8080,231.16194
8081,42.97113
8082,0.0
8083,0.61257935
8084,0.7280731
8085,1.1886749
8086,1.7009277
8087,0.85728455
8088,0.0
8089,0.0
8090,0.0
8091,1.2353363
8092,1.789093
8093,0.0
8094,11.010834
8095,134.60925
8096,367.8288
8097,583.8248
8098,742.7456
8099,825.2845
8100,831.3296
8101,758.5446
8102,610.3849
8103,425.99713
8104,224.34122
8105,41.822388
8106,0.0
8107,1.7943726
8108,1.413971
8109,1.6385651
8110,1.8611145
8111,0.78559875
8112,0.0
8113,0.68614197
8114,1.4843292
8115,2.7979126
8116,2.408142
8117,0.0
8118,13.03009
8119,131.85458
8120,359.74585
8121,572.72266
8122,727.55316
8123,807.8977
8124,805.10236
8125,721.8468
8126,564.34924
8127,389.47784
8128,199.4477
8129,35.443512
8130,0.0
8131,2.684082
8132,2.339859
8133,2.184967
8134,1.787796
8135,1.914978
8136,1.7904205
8137,2.6544037
8138,2.597702
8139,4.767151
8140,4.1273193
8141,0.0
8142,16.779556
8143,121.207275
8144,314.3824
8145,513.33966
8146,662.959
8147,770.26697
8148,790.04333
8149,718.9014
8150,584.7346
8151,394.33276
8152,200.19647
8153,33.70485
8154,0.0
8155,2.178772
8156,1.7597809
8157,1.812973
8158,1.4971771
8159,2.5388641
8160,2.2535706
8161,2.7093506
8162,2.178894
8163,3.281433
8164,2.3137817
8165,0.0
8166,14.792114
8167,116.461426
8168,320.38907
8169,533.6897
8170,675.7309
8171,756.3153
8172,757.37396
8173,718.2314
8174,590.85455
8175,423.42136
8176,217.1107
8177,37.773026
8178,0.0
8179,1.5757141
8180,1.5667572
8181,1.3850098
8182,1.589447
8183,2.7622528
8184,1.7828522
8185,1.4260101
8186,0.5706787
8187,0.0
8188,0.0
8189,0.0
8190,18.106293
8191,124.45717
8192,331.05255
8193,534.74347
8194,679.01965
8195,738.0155
8196,730.1766
8197,634.98315
8198,459.62067
8199,310.19635
8200,157.65584
8201,27.948227
8202,0.0
8203,1.1229401
8204,1.4135895
8205,1.621933
8206,0.9524231
8207,2.5165405
8208,1.9553223
8209,1.486145
8210,0.94696045
8211,2.420929
8212,1.7654877
8213,0.0
8214,25.741577
8215,105.6495
8216,219.5498
8217,383.07898
8218,518.8559
8219,531.1664
8220,465.34964
8221,385.7353
8222,411.30103
8223,269.42343
8224,134.82709
8225,23.658127
8226,0.0
8227,0.0
8228,1.0269165
8229,2.690979
8230,2.1031647
8231,2.263031
8232,2.6364136
8233,4.150833
8234,3.14328
8235,3.3157501
8236,1.3014526
8237,0.82666016
8238,31.807236
8239,125.10473
8240,354.24274
8241,551.8391
8242,701.4408
8243,765.52924
8244,692.20166
8245,626.74084
8246,560.67017
8247,405.2052
8248,211.91716
8249,37.649612
8250,0.0
8251,0.03617859
8252,0.93769836
8253,2.6724396
8254,1.6948242
8255,0.11424255
8256,0.0
8257,0.0
8258,0.013595581
8259,0.0
8260,0.0
8261,0.0
8262,20.68245
8263,121.63097
8264,327.73682
8265,534.7224
8266,707.576
8267,801.6706
8268,767.0339
8269,702.92456
8270,595.34686
8271,416.3286
8272,220.80629
8273,41.63127
8274,0.0
8275,1.8426666
8276,1.535553
8277,1.6395264
8278,1.1721039
8279,0.65792847
8280,0.0
8281,1.0712128
8282,1.2352753
8283,2.3184662
8284,1.8218689
8285,0.0
8286,15.434357
8287,105.14228
8288,312.0581
8289,495.45218
8290,656.5011
8291,774.93353
8292,797.18
8293,742.16833
8294,584.3771
8295,426.8331
8296,220.68784
8297,41.580307
8298,0.0
8299,1.8623352
8300,1.4295197
8301,1.5444031
8302,2.047058
8303,2.5520172
8304,1.3509064
8305,2.0762634
8306,2.1827698
8307,2.9865875
8308,2.8672333
8309,0.0
8310,14.658386
8311,98.63949
8312,228.07404
8313,413.17383
8314,563.0954
8315,614.37195
8316,631.14935
8317,600.33777
8318,533.0838
8319,361.05847
8320,198.26057
8321,38.69516
8322,0.0
8323,0.0
8324,0.731781
8325,1.7641602
8326,1.7181244
8327,2.0535889
8328,1.4457397
8329,2.4706116
8330,2.1174164
8331,2.6276703
8332,1.689743
8333,0.0
8334,13.614029
8335,83.37839
8336,143.31717
8337,188.73979
8338,287.95627
8339,390.46667
8340,481.7274
8341,423.9483
8342,342.53357
8343,170.44191
8344,105.32056
8345,27.52214
8346,0.43492126
8347,0.0
8348,1.0148621
8349,1.8108368
8350,0.93229675
8351,1.7358551
8352,2.4322052
8353,3.5631256
8354,3.592636
8355,3.2268066
8356,0.09384155
8357,0.0
8358,15.921112
8359,71.61667
8360,171.82043
8361,299.25177
8362,395.76135
8363,438.80182
8364,346.12094
8365,343.3903
8366,333.7068
8367,230.77121
8368,98.93534
8369,18.866638
8370,2.8813782
8371,0.0
8372,0.41633606
8373,2.1695557
8374,0.8053131
8375,0.30795288
8376,3.1055298
8377,5.1147156
8378,4.799988
8379,4.8842926
8380,2.3890991
8381,0.0
8382,13.666199
8383,72.58177
8384,197.69237
8385,341.18387
8386,453.80347
8387,700.208
8388,747.40454
8389,754.46545
8390,589.10156
8391,363.88358
8392,179.276
8393,35.712723
8394,0.0
8395,1.6915588
8396,0.5135803
8397,0.696167
8398,0.0
8399,0.0
8400,0.0
8401,0.79615784
8402,1.5255737
8403,4.4665527
8404,3.6639252
8405,0.0
8406,9.671326
8407,92.64366
8408,259.98868
8409,420.6009
8410,588.9138
8411,661.1903
8412,676.01807
8413,669.1726
8414,562.71326
8415,368.60516
8416,191.61932
8417,40.72148
8418,0.0
8419,0.8484192
8420,1.0506592
8421,1.223877
8422,0.23318481
8423,0.0
8424,0.36979675
8425,1.6490021
8426,1.6370087
8427,0.0
8428,0.0
8429,0.0
8430,17.589066
8431,118.93871
8432,348.96838
8433,555.8735
8434,718.73645
8435,811.73804
8436,824.1115
8437,774.98834
8438,646.1507
8439,458.2363
8440,249.67809
8441,55.973587
8442,0.0
8443,0.0
8444,0.12734985
8445,0.68159485
8446,0.0
8447,0.0
8448,0.0
8449,0.0
8450,0.0
8451,0.0
8452,0.0
8453,0.0
8454,19.966812
8455,132.60852
8456,361.00458
8457,562.36694
8458,722.4414
8459,811.4095
8460,825.0958
8461,761.348
8462,629.673
8463,454.89868
8464,249.27359
8465,55.70578
8466,0.0
8467,0.67115784
8468,0.60424805
8469,0.91116333
8470,0.15660095
8471,0.0
8472,0.0
8473,0.0
8474,0.0
8475,0.0
8476,0.8358917
8477,0.0
8478,18.659576
8479,128.67963
8480,356.9312
8481,559.2915
8482,721.3048
8483,812.4825
8484,825.6274
8485,765.8086
8486,636.60706
8487,451.49945
8488,249.73607
8489,58.173492
8490,0.0
8491,1.5158386
8492,0.9300995
8493,1.1354675
8494,0.0
8495,0.0
8496,0.0
8497,0.0
8498,0.0
8499,0.0
8500,0.0
8501,0.0
8502,17.623001
8503,123.40711
8504,339.58414
8505,540.03503
8506,699.9944
8507,772.69104
8508,747.9635
8509,653.3076
8510,562.18726
8511,393.75104
8512,220.15076
8513,47.90062
8514,0.0
8515,2.0656738
8516,1.0001526
8517,1.5804291
8518,0.0
8519,0.0
8520,0.0
8521,0.0
8522,0.0
8523,0.0
8524,0.0
8525,0.0
8526,20.872269
8527,121.31605
8528,340.99744
8529,549.17126
8530,707.3064
8531,804.2764
8532,825.6393
8533,775.30054
8534,638.27185
8535,445.4525
8536,238.8765
8537,54.075317
8538,0.0
8539,1.0325012
8540,0.989624
8541,0.7657776
8542,0.0
8543,0.0
8544,0.0
8545,0.0
8546,0.0
8547,1.3354187
8548,0.9951935
8549,0.0
8550,8.171265
8551,98.98441
8552,297.35977
8553,520.55743
8554,683.6312
8555,796.9447
8556,818.6519
8557,730.47876
8558,586.67535
8559,413.58395
8560,223.89787
8561,48.208817
8562,0.0
8563,1.8810883
8564,0.9094391
8565,0.9788666
8566,0.0
8567,0.0
8568,0.0
8569,0.0
8570,0.0
8571,0.0
8572,0.0
8573,0.0
8574,12.586731
8575,112.33889
8576,319.16956
8577,526.3336
8578,690.27893
8579,797.56714
8580,813.5245
8581,759.20746
8582,605.0713
8583,431.2179
8584,240.84831
8585,58.579224
8586,0.0
8587,1.3569489
8588,1.1294708
8589,0.9455261
8590,0.23547363
8591,0.0
8592,0.0
8593,0.0
8594,0.0
8595,0.0
8596,0.0
8597,0.0
8598,14.342377
8599,108.21198
8600,280.52716
8601,463.55786
8602,618.55676
8603,719.98315
8604,754.5349
8605,766.86084
8606,648.9701
8607,467.0936
8608,258.24213
8609,59.106735
8610,0.0
8611,0.0
8612,0.3672638
8613,0.07052612
8614,0.0
8615,0.0
8616,0.0
8617,0.0
8618,0.0
8619,0.0
8620,1.2799683
8621,0.0
8622,7.7154236
8623,92.34726
8624,270.24905
8625,484.5034
8626,642.71216
8627,744.7853
8628,752.3591
8629,708.08124
8630,608.7848
8631,428.20215
8632,234.8247
8633,51.338913
8634,0.0
8635,0.45100403
8636,0.7331848
8637,0.66885376
8638,0.0
8639,0.0
8640,0.0
8641,0.0
8642,0.0
8643,0.0
8644,0.0
8645,0.0
8646,8.314148
8647,95.96247
8648,279.0925
8649,478.9683
8650,667.7443
8651,715.5101
8652,626.5774
8653,517.9866
8654,396.81982
8655,301.37878
8656,152.55771
8657,32.610184
8658,0.92807007
8659,0.9674225
8660,1.1371002
8661,2.377777
8662,1.0201721
8663,0.5002899
8664,1.4065247
8665,2.9770813
8666,2.6955109
8667,2.2889252
8668,0.0
8669,0.0
8670,17.23114
8671,72.11334
8672,225.8509
8673,407.28702
8674,601.5847
8675,640.0802
8676,743.85223
8677,700.1561
8678,584.9491
8679,419.44922
8680,216.13731
8681,44.97824
8682,0.0
8683,0.0
8684,0.0
8685,0.25784302
8686,0.3108673
8687,0.04084778
8688,0.04298401
8689,1.4754639
8690,1.2663727
8691,0.0
8692,0.0
8693,0.0
8694,8.666214
8695,80.22792
8696,264.29666
8697,445.46448
8698,598.15784
8699,670.07684
8700,595.4756
8701,432.7177
8702,457.00778
8703,400.98108
8704,188.07674
8705,42.043137
8706,0.0
8707,0.3454895
8708,0.27996826
8709,2.4325867
8710,0.69706726
8711,0.0
8712,0.3848114
8713,1.579483
8714,2.0567627
8715,0.0
8716,0.0
8717,0.0
8718,25.188614
8719,97.9022
8720,277.30933
8721,404.23218
8722,520.5852
8723,691.69214
8724,798.7546
8725,802.42706
8726,679.44354
8727,487.38928
8728,269.68045
8729,73.04695
8730,0.0
8731,0.0
8732,0.0
8733,0.0
8734,0.106536865
8735,0.0
8736,0.0
8737,0.0
8738,0.0
8739,0.0
8740,0.0
8741,0.0
8742,10.234024
8743,95.65913
8744,349.32996
8745,552.71533
8746,724.3762
8747,828.32764
8748,845.5258
8749,789.1456
8750,666.5809
8751,478.7775
8752,265.07162
8753,69.22435
8754,0.0
8755,1.2931366
8756,1.4739532
8757,1.0406799
8758,0.51885986
8759,0.0
8760,0.0
8761,0.0
8762,0.0
8763,0.0
8764,0.0
8765,0.0
8766,14.518234
8767,105.02706
8768,335.72183
8769,535.99646
8770,713.80194
8771,818.34753
8772,845.077
8773,792.7794
8774,661.7237
8775,460.7569
8776,254.4629
8777,71.631836
8778,2.4225922
8779,3.0994873
8780,2.2952728
8781,1.6314392
8782,0.43440247
8783,0.0
